agent_id,2027-01-01,2027-01-02,2027-01-03,2027-01-04,2027-01-05,2027-01-06,2027-01-07,2027-01-08,2027-01-09,2027-01-10,2027-01-11,2027-01-12,2027-01-13,2027-01-14,2027-01-15,2027-01-16,2027-01-17,2027-01-18,2027-01-19,2027-01-20,2027-01-21,2027-01-22,2027-01-23,2027-01-24,2027-01-25,2027-01-26,2027-01-27,2027-01-28,2027-01-29,2027-01-30,2027-01-31
Agent01,DO,DO,M10,E19,N00,DO,M11,E18,DO,N00,E17,DO,M10,M11,N01,DO,E17,N01_A1,DO,M11,E18,N00,DO,M10,E19,DO,DO,N01,E17,N02,DO
Agent02,M10,E18_B2,DO,DO,M10,E18,DO,N01,N00_B2,DO,M11,E17,DO,M11,N02,DO,N00,E17,M10,DO,E18,N01,DO,M10,E19,N01,DO,DO,M10,E17_B2,DO
Agent03,M10,DO,E17_B2,N01,E17,DO,DO,M10,M12_B1,DO,DO,N02,E17,N02_A1,N00,E17,DO,DO,M10,M11,DO,E17,N01,DO,M11,E17,N01_A1,DO,M10,E17_B2,DO
Agent04,M10,E19_B2,DO,DO,M10,E18,DO,N02,N00_B2,DO,M11_B1,E17,N00,DO,M10,E17_B2,DO,N02_A1,N00,DO,M10,E17,DO,M10,E19,DO,DO,N02,E17,M11_A2,DO
Agent05,DO,DO,M10,E19,DO,M10,N02,E17,DO,N00,E17,DO,M10,M11_B1,N02,DO,N00_A1,N00,DO,E17,M10,E17,DO,M11,N01_A1,DO,E18,M10,DO,DO,E17
Agent06,M10,DO,E17_B2,N01,DO,M10,E18,N00,DO,E17,M11,DO,DO,E17,M10,M10_B1,DO,DO,N01,N00,E17,DO,DO,N00_B2,E17,DO,M10,N02,E17,DO,M10
Agent07,DO,DO,M10,E19,N00,E17,M10,DO,DO,N01,E17,M10,M10,E17,DO,DO,N01_A1,N00,DO,M11,E18,DO,DO,N00_B2,E17,M10,M10,E17,DO,DO,N00_B2
Agent08,M10,M10_B1,DO,E19,N01,DO,E18,N00,DO,N02,E18,DO,M11,E17,DO,DO,M10_B1,M10,N02,DO,DO,E17,N02,DO,DO,M10,E18,M10,N01,E17,DO
Agent09,M10,DO,E17_B2,N02,DO,M10,E18,DO,DO,M10_B1,N00,DO,E17,N02_A1,N00,DO,M10_B1,E17,DO,DO,M11,E18,E17,DO,DO,N02,N00,E17,M10,M10_B1,DO
Agent10,M11,M12_B1,DO,DO,E17,N00,E17,N01,E19_A2,DO,DO,M10,M11,DO,E17,N00,DO,N02_A1,N00,DO,M11,E18,M11_A2,DO,DO,E17,N02_A1,N00,DO,DO,M10
Agent11,DO,DO,M11,M10,DO,E19,N00,DO,DO,E17_B2,M10,N02,E17,M10,DO,DO,N02_A1,N00,DO,E17,M10,E19,DO,N00_B2,E17,DO,M10,M10,N02,DO,E17_B2
Agent12,M11,M12_B1,DO,DO,E17,N00,E17,DO,DO,M10_B1,E18,M10,DO,DO,E17,N00,DO,M11,N02,N01,DO,E19,M12_A2,DO,N01_A1,N00,E17,DO,M10,E17_B2,DO
Agent13,M11_B1,N00,DO,M10,E18,DO,DO,E18,N00_B2,DO,M11_B1,E17,DO,E17,M10,DO,M10_B1,E18,DO,DO,E19,N01,N00,DO,DO,N02,N00,E17,M10,DO,M10
Agent14,M12_B1,M10,DO,DO,E18,N01,E17,DO,DO,M10_B1,E18,M10,E18,M10,DO,DO,E17_B2,M10,DO,E17,N01_A1,N00,DO,M12,N02_A1,DO,DO,E17,N00,N01,DO
Agent15,M12_B1,DO,N00,E17,DO,DO,M11,E18,M10,DO,DO,E17,N01,DO,M10,E17_B2,DO,M11,E17,N01,DO,N02,N00,DO,DO,M10,E19,DO,M11,E19_A2,DO
Agent16,DO,DO,M12,M10,E18,DO,N02,E17,DO,M11_A2,E19,DO,DO,E18,M10,DO,M11_A2,E18,DO,E17,N02_A1,DO,DO,M12_B1,M10,E17,N02_A1,N00,DO,DO,N00_B2
Agent17,E17,DO,M12_A2,M10,DO,E19,N01,DO,DO,M12_A2,E19,M10,E18,M10,DO,DO,E17_B2,M10,E17,DO,DO,M10,E17_B2,DO,DO,M10,E19,M10,DO,DO,N01_B2
Agent18,E17,M12_A2,DO,DO,M10,E19,DO,M10,E18_B2,DO,DO,M11,E18,DO,M11,E17_A2,DO,M11,E17,N02,DO,M10,E17_B2,DO,M11,E17,DO,DO,M11,M10_B1,DO
Agent19,DO,DO,M12_A2,E18,N02,E17,M10,DO,DO,M12_A2,E19,DO,E19,M10,DO,DO,M12_A2,E18,M10,DO,E19,M10,DO,E17_B2,M10,DO,E19,M10,DO,DO,N02_B2
Agent20,E17,M12_A2,DO,M11,E19,DO,DO,M11,E19_B2,DO,DO,M11,E19,M10,DO,DO,E17_B2,M10,E18,N02,N00,DO,DO,M12_B1,E18,M10,DO,DO,E17,M12_A2,DO
Agent21,E17,M12_A2,DO,M11,E19,N02,DO,M11,E19_B2,DO,DO,M11,E19,DO,M11,E17_A2,DO,DO,M10,E18,N02_A1,DO,DO,M12_B1,E18,DO,M10,E18,DO,DO,M11
Agent22,E18,E17_B2,DO,DO,M10,M10,E19,DO,DO,M12_A2,M10,DO,M11_B1,N00,DO,DO,E17_B2,E19,DO,E18,M10,DO,DO,E17_B2,M10,DO,M10,E18,N00,DO,M12_B1
Agent23,DO,DO,M12_A2,E18,N02,E17,M10,DO,DO,M12_A2,E19,M11,DO,DO,E17,N00,DO,DO,M10,E18,DO,M10,E17_B2,DO,M11,E18,DO,M11,E18,M12_A2,DO
Agent24,DO,DO,E17_B2,M10,DO,M11,E19,DO,DO,E17_B2,M10,DO,DO,E18,M11,M10_B1,DO,DO,E18,M10,E19,M10,E17_B2,DO,DO,M11,E19,M11,E18,M12_A2,DO
Agent25,DO,DO,E17_B2,M10,M11,DO,DO,E19,M11,DO,N01_A1,N00,E17,DO,M11,E19_A2,DO,DO,M11,E19,M10,DO,DO,E18_B2,M10,E18,M10,E19,DO,DO,M12_B1
Agent26,E18,E17_B2,DO,DO,M11,M11,DO,M11,E19_A2,DO,N01_A1,N00,N00,DO,M12,M10_B1,DO,E19,E18,DO,DO,M10,E19_A2,DO,M11_B1,E18,DO,DO,M11,M10_B1,DO
Agent27,E19,E17_B2,DO,DO,M11_B1,N02,N00,E17,M12,DO,DO,M12,M12_B1,N00,DO,DO,E17_B2,M10,DO,DO,E19,M11,M10_B1,DO,DO,E19,E17,DO,E18,M12_A2,DO
Agent28,E19,E17_B2,DO,M11_B1,M10,DO,DO,E19,E17_B2,DO,DO,M12,M12_B1,M10,DO,DO,E19_A2,E17,M11,E19,M10,DO,DO,E19_B2,M10,DO,M11,E19,DO,DO,M12_B1
Agent29,E19,DO,N00,E17,DO,M11_B1,M10,DO,DO,E17_B2,M10,DO,DO,E19,M12,M12_A2,DO,DO,E19,M10,M11_B1,DO,DO,E19_B2,E19,M11,DO,E19,N01,DO,M12_A2
Agent30,E19,E17_B2,DO,M12_B1,M10,E19,DO,M11_B1,M10,DO,DO,E18,N01,DO,E18,M10,DO,DO,M11,E19,DO,M11,M10_B1,DO,DO,E19,E17,M11,DO,DO,E19_B2
Agent31,DO,DO,E18_A2,N00,DO,DO,M11_B1,M10,E19_A2,DO,N02_A1,N01,DO,E19,E18,M11_A2,DO,M12,M11,DO,M11_B1,E19,E17_B2,DO,DO,M11,M11,DO,E19,E17_B2,DO
Agent32,N00,E19_A2,DO,DO,M12_B1,M10,E19,DO,DO,E17_B2,M10,E18,N02,N01_A1,DO,DO,M12_A2,M10,DO,M11_B1,N01,DO,DO,E19_A2,N00,DO,M11_B1,E19,DO,DO,E19_B2
Agent33,N00,DO,E19_A2,E17,DO,DO,M12_B1,M10,M12_B1,DO,DO,E18,M10,DO,E18,M11_A2,DO,DO,E19,M10,M12_B1,DO,DO,E19_A2,N00,N00,DO,M11,E19,DO,E19_B2
Agent34,DO,DO,E19_A2,N00,DO,M11_B1,M10,E19,DO,E17_B2,M10,DO,DO,E19,E19,M12_A2,DO,DO,M12,M12_B1,E17,M11,M10_B1,DO,DO,E19,E18,DO,E19,E17_B2,DO
Agent35,N01,N00_A1,DO,DO,E19,M10,E19,M10,M12_B1,DO,DO,E19,M10,DO,E19,M12_A2,DO,DO,E19,M10,DO,E19,M12_A2,DO,DO,M11,M12_B1,M12,DO,DO,E19_B2
Agent36,N02,N01_A1,DO,DO,M12_B1,E18,DO,M12_B1,M10,DO,M12_B1,E19,DO,E19,E19,DO,M12_A2,E19,M12,DO,DO,M11,M12_A2,DO,M12_B1,M12,DO,DO,M11_B1,N00,DO
Agent37,N02,N02_A1,DO,M12_B1,E17,DO,M12_B1,E17,E17_B2,DO,DO,E19,M10,M11_B1,DO,DO,M12_A2,E19,DO,M12_B1,E17,DO,DO,E19_A2,E18,DO,DO,M12,M12_B1,DO,E19_A2
Agent38,DO,DO,N00,E18,DO,M12_B1,M11,M12_B1,DO,E19_A2,N00,DO,DO,M12_B1,E19,E17_B2,DO,DO,E19,M10,DO,M12,M12_A2,DO,M12_B1,M12,M12_B1,DO,M12_B1,N00,DO
