variable,agent_id,day_index,date,weekday,shift,code,time,break,work_hours,overtime_hours,pay
Agent01_20270103_M10,Agent01,2,2027-01-03,Sun,M,M10,07:00-16:00,10:00-11:00,8,0,248000.0
Agent01_20270104_E19,Agent01,3,2027-01-04,Mon,E,E19,14:00-23:00,19:00-20:00,8,0,248000.0
Agent01_20270105_N00,Agent01,4,2027-01-05,Tue,N,N00,21:00-06:00,00:00-01:00,8,0,248000.0
Agent01_20270107_M11,Agent01,6,2027-01-07,Thu,M,M11,07:00-16:00,11:00-12:00,8,0,248000.0
Agent01_20270108_E18,Agent01,7,2027-01-08,Fri,E,E18,14:00-23:00,18:00-19:00,8,0,248000.0
Agent01_20270110_N00,Agent01,9,2027-01-10,Sun,N,N00,21:00-06:00,00:00-01:00,8,0,248000.0
Agent01_20270111_E17,Agent01,10,2027-01-11,Mon,E,E17,14:00-23:00,17:00-18:00,8,0,248000.0
Agent01_20270113_M10,Agent01,12,2027-01-13,Wed,M,M10,07:00-16:00,10:00-11:00,8,0,248000.0
Agent01_20270114_M11,Agent01,13,2027-01-14,Thu,M,M11,07:00-16:00,11:00-12:00,8,0,248000.0
Agent01_20270115_N01,Agent01,14,2027-01-15,Fri,N,N01,21:00-06:00,01:00-02:00,8,0,248000.0
Agent01_20270117_E17,Agent01,16,2027-01-17,Sun,E,E17,14:00-23:00,17:00-18:00,8,0,248000.0
Agent01_20270118_N01_A1,Agent01,17,2027-01-18,Mon,N,N01_A1,21:00-07:00,01:00-02:00,9,1,294500.0
Agent01_20270120_M11,Agent01,19,2027-01-20,Wed,M,M11,07:00-16:00,11:00-12:00,8,0,248000.0
Agent01_20270121_E18,Agent01,20,2027-01-21,Thu,E,E18,14:00-23:00,18:00-19:00,8,0,248000.0
Agent01_20270122_N00,Agent01,21,2027-01-22,Fri,N,N00,21:00-06:00,00:00-01:00,8,0,248000.0
Agent01_20270124_M10,Agent01,23,2027-01-24,Sun,M,M10,07:00-16:00,10:00-11:00,8,0,248000.0
Agent01_20270125_E19,Agent01,24,2027-01-25,Mon,E,E19,14:00-23:00,19:00-20:00,8,0,248000.0
Agent01_20270128_N01,Agent01,27,2027-01-28,Thu,N,N01,21:00-06:00,01:00-02:00,8,0,248000.0
Agent01_20270129_E17,Agent01,28,2027-01-29,Fri,E,E17,14:00-23:00,17:00-18:00,8,0,248000.0
Agent01_20270130_N02,Agent01,29,2027-01-30,Sat,N,N02,21:00-06:00,02:00-03:00,8,0,248000.0
Agent02_20270101_M10,Agent02,0,2027-01-01,Fri,M,M10,07:00-16:00,10:00-11:00,8,0,248000.0
Agent02_20270102_E18_B2,Agent02,1,2027-01-02,Sat,E,E18_B2,12:00-23:00,18:00-19:00,10,2,356500.0
Agent02_20270105_M10,Agent02,4,2027-01-05,Tue,M,M10,07:00-16:00,10:00-11:00,8,0,248000.0
Agent02_20270106_E18,Agent02,5,2027-01-06,Wed,E,E18,14:00-23:00,18:00-19:00,8,0,248000.0
Agent02_20270108_N01,Agent02,7,2027-01-08,Fri,N,N01,21:00-06:00,01:00-02:00,8,0,248000.0
Agent02_20270109_N00_B2,Agent02,8,2027-01-09,Sat,N,N00_B2,19:00-06:00,00:00-01:00,10,2,356500.0
Agent02_20270111_M11,Agent02,10,2027-01-11,Mon,M,M11,07:00-16:00,11:00-12:00,8,0,248000.0
Agent02_20270112_E17,Agent02,11,2027-01-12,Tue,E,E17,14:00-23:00,17:00-18:00,8,0,248000.0
Agent02_20270114_M11,Agent02,13,2027-01-14,Thu,M,M11,07:00-16:00,11:00-12:00,8,0,248000.0
Agent02_20270115_N02,Agent02,14,2027-01-15,Fri,N,N02,21:00-06:00,02:00-03:00,8,0,248000.0
Agent02_20270117_N00,Agent02,16,2027-01-17,Sun,N,N00,21:00-06:00,00:00-01:00,8,0,248000.0
Agent02_20270118_E17,Agent02,17,2027-01-18,Mon,E,E17,14:00-23:00,17:00-18:00,8,0,248000.0
Agent02_20270119_M10,Agent02,18,2027-01-19,Tue,M,M10,07:00-16:00,10:00-11:00,8,0,248000.0
Agent02_20270121_E18,Agent02,20,2027-01-21,Thu,E,E18,14:00-23:00,18:00-19:00,8,0,248000.0
Agent02_20270122_N01,Agent02,21,2027-01-22,Fri,N,N01,21:00-06:00,01:00-02:00,8,0,248000.0
Agent02_20270124_M10,Agent02,23,2027-01-24,Sun,M,M10,07:00-16:00,10:00-11:00,8,0,248000.0
Agent02_20270125_E19,Agent02,24,2027-01-25,Mon,E,E19,14:00-23:00,19:00-20:00,8,0,248000.0
Agent02_20270126_N01,Agent02,25,2027-01-26,Tue,N,N01,21:00-06:00,01:00-02:00,8,0,248000.0
Agent02_20270129_M10,Agent02,28,2027-01-29,Fri,M,M10,07:00-16:00,10:00-11:00,8,0,248000.0
Agent02_20270130_E17_B2,Agent02,29,2027-01-30,Sat,E,E17_B2,12:00-23:00,17:00-18:00,10,2,356500.0
Agent03_20270101_M10,Agent03,0,2027-01-01,Fri,M,M10,07:00-16:00,10:00-11:00,8,0,248000.0
Agent03_20270103_E17_B2,Agent03,2,2027-01-03,Sun,E,E17_B2,12:00-23:00,17:00-18:00,10,2,356500.0
Agent03_20270104_N01,Agent03,3,2027-01-04,Mon,N,N01,21:00-06:00,01:00-02:00,8,0,248000.0
Agent03_20270105_E17,Agent03,4,2027-01-05,Tue,E,E17,14:00-23:00,17:00-18:00,8,0,248000.0
Agent03_20270108_M10,Agent03,7,2027-01-08,Fri,M,M10,07:00-16:00,10:00-11:00,8,0,248000.0
Agent03_20270109_M12_B1,Agent03,8,2027-01-09,Sat,M,M12_B1,06:00-16:00,12:00-13:00,9,1,294500.0
Agent03_20270112_N02,Agent03,11,2027-01-12,Tue,N,N02,21:00-06:00,02:00-03:00,8,0,248000.0
Agent03_20270113_E17,Agent03,12,2027-01-13,Wed,E,E17,14:00-23:00,17:00-18:00,8,0,248000.0
Agent03_20270114_N02_A1,Agent03,13,2027-01-14,Thu,N,N02_A1,21:00-07:00,02:00-03:00,9,1,294500.0
Agent03_20270115_N00,Agent03,14,2027-01-15,Fri,N,N00,21:00-06:00,00:00-01:00,8,0,248000.0
Agent03_20270116_E17,Agent03,15,2027-01-16,Sat,E,E17,14:00-23:00,17:00-18:00,8,0,248000.0
Agent03_20270119_M10,Agent03,18,2027-01-19,Tue,M,M10,07:00-16:00,10:00-11:00,8,0,248000.0
Agent03_20270120_M11,Agent03,19,2027-01-20,Wed,M,M11,07:00-16:00,11:00-12:00,8,0,248000.0
Agent03_20270122_E17,Agent03,21,2027-01-22,Fri,E,E17,14:00-23:00,17:00-18:00,8,0,248000.0
Agent03_20270123_N01,Agent03,22,2027-01-23,Sat,N,N01,21:00-06:00,01:00-02:00,8,0,248000.0
Agent03_20270125_M11,Agent03,24,2027-01-25,Mon,M,M11,07:00-16:00,11:00-12:00,8,0,248000.0
Agent03_20270126_E17,Agent03,25,2027-01-26,Tue,E,E17,14:00-23:00,17:00-18:00,8,0,248000.0
Agent03_20270127_N01_A1,Agent03,26,2027-01-27,Wed,N,N01_A1,21:00-07:00,01:00-02:00,9,1,294500.0
Agent03_20270129_M10,Agent03,28,2027-01-29,Fri,M,M10,07:00-16:00,10:00-11:00,8,0,248000.0
Agent03_20270130_E17_B2,Agent03,29,2027-01-30,Sat,E,E17_B2,12:00-23:00,17:00-18:00,10,2,356500.0
Agent04_20270101_M10,Agent04,0,2027-01-01,Fri,M,M10,07:00-16:00,10:00-11:00,8,0,248000.0
Agent04_20270102_E19_B2,Agent04,1,2027-01-02,Sat,E,E19_B2,12:00-23:00,19:00-20:00,10,2,356500.0
Agent04_20270105_M10,Agent04,4,2027-01-05,Tue,M,M10,07:00-16:00,10:00-11:00,8,0,248000.0
Agent04_20270106_E18,Agent04,5,2027-01-06,Wed,E,E18,14:00-23:00,18:00-19:00,8,0,248000.0
Agent04_20270108_N02,Agent04,7,2027-01-08,Fri,N,N02,21:00-06:00,02:00-03:00,8,0,248000.0
Agent04_20270109_N00_B2,Agent04,8,2027-01-09,Sat,N,N00_B2,19:00-06:00,00:00-01:00,10,2,356500.0
Agent04_20270111_M11_B1,Agent04,10,2027-01-11,Mon,M,M11_B1,06:00-16:00,11:00-12:00,9,1,294500.0
Agent04_20270112_E17,Agent04,11,2027-01-12,Tue,E,E17,14:00-23:00,17:00-18:00,8,0,248000.0
Agent04_20270113_N00,Agent04,12,2027-01-13,Wed,N,N00,21:00-06:00,00:00-01:00,8,0,248000.0
Agent04_20270115_M10,Agent04,14,2027-01-15,Fri,M,M10,07:00-16:00,10:00-11:00,8,0,248000.0
Agent04_20270116_E17_B2,Agent04,15,2027-01-16,Sat,E,E17_B2,12:00-23:00,17:00-18:00,10,2,356500.0
Agent04_20270118_N02_A1,Agent04,17,2027-01-18,Mon,N,N02_A1,21:00-07:00,02:00-03:00,9,1,294500.0
Agent04_20270119_N00,Agent04,18,2027-01-19,Tue,N,N00,21:00-06:00,00:00-01:00,8,0,248000.0
Agent04_20270121_M10,Agent04,20,2027-01-21,Thu,M,M10,07:00-16:00,10:00-11:00,8,0,248000.0
Agent04_20270122_E17,Agent04,21,2027-01-22,Fri,E,E17,14:00-23:00,17:00-18:00,8,0,248000.0
Agent04_20270124_M10,Agent04,23,2027-01-24,Sun,M,M10,07:00-16:00,10:00-11:00,8,0,248000.0
Agent04_20270125_E19,Agent04,24,2027-01-25,Mon,E,E19,14:00-23:00,19:00-20:00,8,0,248000.0
Agent04_20270128_N02,Agent04,27,2027-01-28,Thu,N,N02,21:00-06:00,02:00-03:00,8,0,248000.0
Agent04_20270129_E17,Agent04,28,2027-01-29,Fri,E,E17,14:00-23:00,17:00-18:00,8,0,248000.0
Agent04_20270130_M11_A2,Agent04,29,2027-01-30,Sat,M,M11_A2,07:00-18:00,11:00-12:00,10,2,356500.0
Agent05_20270103_M10,Agent05,2,2027-01-03,Sun,M,M10,07:00-16:00,10:00-11:00,8,0,248000.0
Agent05_20270104_E19,Agent05,3,2027-01-04,Mon,E,E19,14:00-23:00,19:00-20:00,8,0,248000.0
Agent05_20270106_M10,Agent05,5,2027-01-06,Wed,M,M10,07:00-16:00,10:00-11:00,8,0,248000.0
Agent05_20270107_N02,Agent05,6,2027-01-07,Thu,N,N02,21:00-06:00,02:00-03:00,8,0,248000.0
Agent05_20270108_E17,Agent05,7,2027-01-08,Fri,E,E17,14:00-23:00,17:00-18:00,8,0,248000.0
Agent05_20270110_N00,Agent05,9,2027-01-10,Sun,N,N00,21:00-06:00,00:00-01:00,8,0,248000.0
Agent05_20270111_E17,Agent05,10,2027-01-11,Mon,E,E17,14:00-23:00,17:00-18:00,8,0,248000.0
Agent05_20270113_M10,Agent05,12,2027-01-13,Wed,M,M10,07:00-16:00,10:00-11:00,8,0,248000.0
Agent05_20270114_M11_B1,Agent05,13,2027-01-14,Thu,M,M11_B1,06:00-16:00,11:00-12:00,9,1,294500.0
Agent05_20270115_N02,Agent05,14,2027-01-15,Fri,N,N02,21:00-06:00,02:00-03:00,8,0,248000.0
Agent05_20270117_N00_A1,Agent05,16,2027-01-17,Sun,N,N00_A1,21:00-07:00,00:00-01:00,9,1,294500.0
Agent05_20270118_N00,Agent05,17,2027-01-18,Mon,N,N00,21:00-06:00,00:00-01:00,8,0,248000.0
Agent05_20270120_E17,Agent05,19,2027-01-20,Wed,E,E17,14:00-23:00,17:00-18:00,8,0,248000.0
Agent05_20270121_M10,Agent05,20,2027-01-21,Thu,M,M10,07:00-16:00,10:00-11:00,8,0,248000.0
Agent05_20270122_E17,Agent05,21,2027-01-22,Fri,E,E17,14:00-23:00,17:00-18:00,8,0,248000.0
Agent05_20270124_M11,Agent05,23,2027-01-24,Sun,M,M11,07:00-16:00,11:00-12:00,8,0,248000.0
Agent05_20270125_N01_A1,Agent05,24,2027-01-25,Mon,N,N01_A1,21:00-07:00,01:00-02:00,9,1,294500.0
Agent05_20270127_E18,Agent05,26,2027-01-27,Wed,E,E18,14:00-23:00,18:00-19:00,8,0,248000.0
Agent05_20270128_M10,Agent05,27,2027-01-28,Thu,M,M10,07:00-16:00,10:00-11:00,8,0,248000.0
Agent05_20270131_E17,Agent05,30,2027-01-31,Sun,E,E17,14:00-23:00,17:00-18:00,8,0,248000.0
Agent06_20270101_M10,Agent06,0,2027-01-01,Fri,M,M10,07:00-16:00,10:00-11:00,8,0,248000.0
Agent06_20270103_E17_B2,Agent06,2,2027-01-03,Sun,E,E17_B2,12:00-23:00,17:00-18:00,10,2,356500.0
Agent06_20270104_N01,Agent06,3,2027-01-04,Mon,N,N01,21:00-06:00,01:00-02:00,8,0,248000.0
Agent06_20270106_M10,Agent06,5,2027-01-06,Wed,M,M10,07:00-16:00,10:00-11:00,8,0,248000.0
Agent06_20270107_E18,Agent06,6,2027-01-07,Thu,E,E18,14:00-23:00,18:00-19:00,8,0,248000.0
Agent06_20270108_N00,Agent06,7,2027-01-08,Fri,N,N00,21:00-06:00,00:00-01:00,8,0,248000.0
Agent06_20270110_E17,Agent06,9,2027-01-10,Sun,E,E17,14:00-23:00,17:00-18:00,8,0,248000.0
Agent06_20270111_M11,Agent06,10,2027-01-11,Mon,M,M11,07:00-16:00,11:00-12:00,8,0,248000.0
Agent06_20270114_E17,Agent06,13,2027-01-14,Thu,E,E17,14:00-23:00,17:00-18:00,8,0,248000.0
Agent06_20270115_M10,Agent06,14,2027-01-15,Fri,M,M10,07:00-16:00,10:00-11:00,8,0,248000.0
Agent06_20270116_M10_B1,Agent06,15,2027-01-16,Sat,M,M10_B1,06:00-16:00,10:00-11:00,9,1,294500.0
Agent06_20270119_N01,Agent06,18,2027-01-19,Tue,N,N01,21:00-06:00,01:00-02:00,8,0,248000.0
Agent06_20270120_N00,Agent06,19,2027-01-20,Wed,N,N00,21:00-06:00,00:00-01:00,8,0,248000.0
Agent06_20270121_E17,Agent06,20,2027-01-21,Thu,E,E17,14:00-23:00,17:00-18:00,8,0,248000.0
Agent06_20270124_N00_B2,Agent06,23,2027-01-24,Sun,N,N00_B2,19:00-06:00,00:00-01:00,10,2,356500.0
Agent06_20270125_E17,Agent06,24,2027-01-25,Mon,E,E17,14:00-23:00,17:00-18:00,8,0,248000.0
Agent06_20270127_M10,Agent06,26,2027-01-27,Wed,M,M10,07:00-16:00,10:00-11:00,8,0,248000.0
Agent06_20270128_N02,Agent06,27,2027-01-28,Thu,N,N02,21:00-06:00,02:00-03:00,8,0,248000.0
Agent06_20270129_E17,Agent06,28,2027-01-29,Fri,E,E17,14:00-23:00,17:00-18:00,8,0,248000.0
Agent06_20270131_M10,Agent06,30,2027-01-31,Sun,M,M10,07:00-16:00,10:00-11:00,8,0,248000.0
Agent07_20270103_M10,Agent07,2,2027-01-03,Sun,M,M10,07:00-16:00,10:00-11:00,8,0,248000.0
Agent07_20270104_E19,Agent07,3,2027-01-04,Mon,E,E19,14:00-23:00,19:00-20:00,8,0,248000.0
Agent07_20270105_N00,Agent07,4,2027-01-05,Tue,N,N00,21:00-06:00,00:00-01:00,8,0,248000.0
Agent07_20270106_E17,Agent07,5,2027-01-06,Wed,E,E17,14:00-23:00,17:00-18:00,8,0,248000.0
Agent07_20270107_M10,Agent07,6,2027-01-07,Thu,M,M10,07:00-16:00,10:00-11:00,8,0,248000.0
Agent07_20270110_N01,Agent07,9,2027-01-10,Sun,N,N01,21:00-06:00,01:00-02:00,8,0,248000.0
Agent07_20270111_E17,Agent07,10,2027-01-11,Mon,E,E17,14:00-23:00,17:00-18:00,8,0,248000.0
Agent07_20270112_M10,Agent07,11,2027-01-12,Tue,M,M10,07:00-16:00,10:00-11:00,8,0,248000.0
Agent07_20270113_M10,Agent07,12,2027-01-13,Wed,M,M10,07:00-16:00,10:00-11:00,8,0,248000.0
Agent07_20270114_E17,Agent07,13,2027-01-14,Thu,E,E17,14:00-23:00,17:00-18:00,8,0,248000.0
Agent07_20270117_N01_A1,Agent07,16,2027-01-17,Sun,N,N01_A1,21:00-07:00,01:00-02:00,9,1,294500.0
Agent07_20270118_N00,Agent07,17,2027-01-18,Mon,N,N00,21:00-06:00,00:00-01:00,8,0,248000.0
Agent07_20270120_M11,Agent07,19,2027-01-20,Wed,M,M11,07:00-16:00,11:00-12:00,8,0,248000.0
Agent07_20270121_E18,Agent07,20,2027-01-21,Thu,E,E18,14:00-23:00,18:00-19:00,8,0,248000.0
Agent07_20270124_N00_B2,Agent07,23,2027-01-24,Sun,N,N00_B2,19:00-06:00,00:00-01:00,10,2,356500.0
Agent07_20270125_E17,Agent07,24,2027-01-25,Mon,E,E17,14:00-23:00,17:00-18:00,8,0,248000.0
Agent07_20270126_M10,Agent07,25,2027-01-26,Tue,M,M10,07:00-16:00,10:00-11:00,8,0,248000.0
Agent07_20270127_M10,Agent07,26,2027-01-27,Wed,M,M10,07:00-16:00,10:00-11:00,8,0,248000.0
Agent07_20270128_E17,Agent07,27,2027-01-28,Thu,E,E17,14:00-23:00,17:00-18:00,8,0,248000.0
Agent07_20270131_N00_B2,Agent07,30,2027-01-31,Sun,N,N00_B2,19:00-06:00,00:00-01:00,10,2,356500.0
Agent08_20270101_M10,Agent08,0,2027-01-01,Fri,M,M10,07:00-16:00,10:00-11:00,8,0,248000.0
Agent08_20270102_M10_B1,Agent08,1,2027-01-02,Sat,M,M10_B1,06:00-16:00,10:00-11:00,9,1,294500.0
Agent08_20270104_E19,Agent08,3,2027-01-04,Mon,E,E19,14:00-23:00,19:00-20:00,8,0,248000.0
Agent08_20270105_N01,Agent08,4,2027-01-05,Tue,N,N01,21:00-06:00,01:00-02:00,8,0,248000.0
Agent08_20270107_E18,Agent08,6,2027-01-07,Thu,E,E18,14:00-23:00,18:00-19:00,8,0,248000.0
Agent08_20270108_N00,Agent08,7,2027-01-08,Fri,N,N00,21:00-06:00,00:00-01:00,8,0,248000.0
Agent08_20270110_N02,Agent08,9,2027-01-10,Sun,N,N02,21:00-06:00,02:00-03:00,8,0,248000.0
Agent08_20270111_E18,Agent08,10,2027-01-11,Mon,E,E18,14:00-23:00,18:00-19:00,8,0,248000.0
Agent08_20270113_M11,Agent08,12,2027-01-13,Wed,M,M11,07:00-16:00,11:00-12:00,8,0,248000.0
Agent08_20270114_E17,Agent08,13,2027-01-14,Thu,E,E17,14:00-23:00,17:00-18:00,8,0,248000.0
Agent08_20270117_M10_B1,Agent08,16,2027-01-17,Sun,M,M10_B1,06:00-16:00,10:00-11:00,9,1,294500.0
Agent08_20270118_M10,Agent08,17,2027-01-18,Mon,M,M10,07:00-16:00,10:00-11:00,8,0,248000.0
Agent08_20270119_N02,Agent08,18,2027-01-19,Tue,N,N02,21:00-06:00,02:00-03:00,8,0,248000.0
Agent08_20270122_E17,Agent08,21,2027-01-22,Fri,E,E17,14:00-23:00,17:00-18:00,8,0,248000.0
Agent08_20270123_N02,Agent08,22,2027-01-23,Sat,N,N02,21:00-06:00,02:00-03:00,8,0,248000.0
Agent08_20270126_M10,Agent08,25,2027-01-26,Tue,M,M10,07:00-16:00,10:00-11:00,8,0,248000.0
Agent08_20270127_E18,Agent08,26,2027-01-27,Wed,E,E18,14:00-23:00,18:00-19:00,8,0,248000.0
Agent08_20270128_M10,Agent08,27,2027-01-28,Thu,M,M10,07:00-16:00,10:00-11:00,8,0,248000.0
Agent08_20270129_N01,Agent08,28,2027-01-29,Fri,N,N01,21:00-06:00,01:00-02:00,8,0,248000.0
Agent08_20270130_E17,Agent08,29,2027-01-30,Sat,E,E17,14:00-23:00,17:00-18:00,8,0,248000.0
Agent09_20270101_M10,Agent09,0,2027-01-01,Fri,M,M10,07:00-16:00,10:00-11:00,8,0,248000.0
Agent09_20270103_E17_B2,Agent09,2,2027-01-03,Sun,E,E17_B2,12:00-23:00,17:00-18:00,10,2,356500.0
Agent09_20270104_N02,Agent09,3,2027-01-04,Mon,N,N02,21:00-06:00,02:00-03:00,8,0,248000.0
Agent09_20270106_M10,Agent09,5,2027-01-06,Wed,M,M10,07:00-16:00,10:00-11:00,8,0,248000.0
Agent09_20270107_E18,Agent09,6,2027-01-07,Thu,E,E18,14:00-23:00,18:00-19:00,8,0,248000.0
Agent09_20270110_M10_B1,Agent09,9,2027-01-10,Sun,M,M10_B1,06:00-16:00,10:00-11:00,9,1,294500.0
Agent09_20270111_N00,Agent09,10,2027-01-11,Mon,N,N00,21:00-06:00,00:00-01:00,8,0,248000.0
Agent09_20270113_E17,Agent09,12,2027-01-13,Wed,E,E17,14:00-23:00,17:00-18:00,8,0,248000.0
Agent09_20270114_N02_A1,Agent09,13,2027-01-14,Thu,N,N02_A1,21:00-07:00,02:00-03:00,9,1,294500.0
Agent09_20270115_N00,Agent09,14,2027-01-15,Fri,N,N00,21:00-06:00,00:00-01:00,8,0,248000.0
Agent09_20270117_M10_B1,Agent09,16,2027-01-17,Sun,M,M10_B1,06:00-16:00,10:00-11:00,9,1,294500.0
Agent09_20270118_E17,Agent09,17,2027-01-18,Mon,E,E17,14:00-23:00,17:00-18:00,8,0,248000.0
Agent09_20270121_M11,Agent09,20,2027-01-21,Thu,M,M11,07:00-16:00,11:00-12:00,8,0,248000.0
Agent09_20270122_E18,Agent09,21,2027-01-22,Fri,E,E18,14:00-23:00,18:00-19:00,8,0,248000.0
Agent09_20270123_E17,Agent09,22,2027-01-23,Sat,E,E17,14:00-23:00,17:00-18:00,8,0,248000.0
Agent09_20270126_N02,Agent09,25,2027-01-26,Tue,N,N02,21:00-06:00,02:00-03:00,8,0,248000.0
Agent09_20270127_N00,Agent09,26,2027-01-27,Wed,N,N00,21:00-06:00,00:00-01:00,8,0,248000.0
Agent09_20270128_E17,Agent09,27,2027-01-28,Thu,E,E17,14:00-23:00,17:00-18:00,8,0,248000.0
Agent09_20270129_M10,Agent09,28,2027-01-29,Fri,M,M10,07:00-16:00,10:00-11:00,8,0,248000.0
Agent09_20270130_M10_B1,Agent09,29,2027-01-30,Sat,M,M10_B1,06:00-16:00,10:00-11:00,9,1,294500.0
Agent10_20270101_M11,Agent10,0,2027-01-01,Fri,M,M11,07:00-16:00,11:00-12:00,8,0,248000.0
Agent10_20270102_M12_B1,Agent10,1,2027-01-02,Sat,M,M12_B1,06:00-16:00,12:00-13:00,9,1,294500.0
Agent10_20270105_E17,Agent10,4,2027-01-05,Tue,E,E17,14:00-23:00,17:00-18:00,8,0,248000.0
Agent10_20270106_N00,Agent10,5,2027-01-06,Wed,N,N00,21:00-06:00,00:00-01:00,8,0,248000.0
Agent10_20270107_E17,Agent10,6,2027-01-07,Thu,E,E17,14:00-23:00,17:00-18:00,8,0,248000.0
Agent10_20270108_N01,Agent10,7,2027-01-08,Fri,N,N01,21:00-06:00,01:00-02:00,8,0,248000.0
Agent10_20270109_E19_A2,Agent10,8,2027-01-09,Sat,E,E19_A2,14:00-01:00,19:00-20:00,10,2,356500.0
Agent10_20270112_M10,Agent10,11,2027-01-12,Tue,M,M10,07:00-16:00,10:00-11:00,8,0,248000.0
Agent10_20270113_M11,Agent10,12,2027-01-13,Wed,M,M11,07:00-16:00,11:00-12:00,8,0,248000.0
Agent10_20270115_E17,Agent10,14,2027-01-15,Fri,E,E17,14:00-23:00,17:00-18:00,8,0,248000.0
Agent10_20270116_N00,Agent10,15,2027-01-16,Sat,N,N00,21:00-06:00,00:00-01:00,8,0,248000.0
Agent10_20270118_N02_A1,Agent10,17,2027-01-18,Mon,N,N02_A1,21:00-07:00,02:00-03:00,9,1,294500.0
Agent10_20270119_N00,Agent10,18,2027-01-19,Tue,N,N00,21:00-06:00,00:00-01:00,8,0,248000.0
Agent10_20270121_M11,Agent10,20,2027-01-21,Thu,M,M11,07:00-16:00,11:00-12:00,8,0,248000.0
Agent10_20270122_E18,Agent10,21,2027-01-22,Fri,E,E18,14:00-23:00,18:00-19:00,8,0,248000.0
Agent10_20270123_M11_A2,Agent10,22,2027-01-23,Sat,M,M11_A2,07:00-18:00,11:00-12:00,10,2,356500.0
Agent10_20270126_E17,Agent10,25,2027-01-26,Tue,E,E17,14:00-23:00,17:00-18:00,8,0,248000.0
Agent10_20270127_N02_A1,Agent10,26,2027-01-27,Wed,N,N02_A1,21:00-07:00,02:00-03:00,9,1,294500.0
Agent10_20270128_N00,Agent10,27,2027-01-28,Thu,N,N00,21:00-06:00,00:00-01:00,8,0,248000.0
Agent10_20270131_M10,Agent10,30,2027-01-31,Sun,M,M10,07:00-16:00,10:00-11:00,8,0,248000.0
Agent11_20270103_M11,Agent11,2,2027-01-03,Sun,M,M11,07:00-16:00,11:00-12:00,8,0,248000.0
Agent11_20270104_M10,Agent11,3,2027-01-04,Mon,M,M10,07:00-16:00,10:00-11:00,8,0,248000.0
Agent11_20270106_E19,Agent11,5,2027-01-06,Wed,E,E19,14:00-23:00,19:00-20:00,8,0,248000.0
Agent11_20270107_N00,Agent11,6,2027-01-07,Thu,N,N00,21:00-06:00,00:00-01:00,8,0,248000.0
Agent11_20270110_E17_B2,Agent11,9,2027-01-10,Sun,E,E17_B2,12:00-23:00,17:00-18:00,10,2,356500.0
Agent11_20270111_M10,Agent11,10,2027-01-11,Mon,M,M10,07:00-16:00,10:00-11:00,8,0,248000.0
Agent11_20270112_N02,Agent11,11,2027-01-12,Tue,N,N02,21:00-06:00,02:00-03:00,8,0,248000.0
Agent11_20270113_E17,Agent11,12,2027-01-13,Wed,E,E17,14:00-23:00,17:00-18:00,8,0,248000.0
Agent11_20270114_M10,Agent11,13,2027-01-14,Thu,M,M10,07:00-16:00,10:00-11:00,8,0,248000.0
Agent11_20270117_N02_A1,Agent11,16,2027-01-17,Sun,N,N02_A1,21:00-07:00,02:00-03:00,9,1,294500.0
Agent11_20270118_N00,Agent11,17,2027-01-18,Mon,N,N00,21:00-06:00,00:00-01:00,8,0,248000.0
Agent11_20270120_E17,Agent11,19,2027-01-20,Wed,E,E17,14:00-23:00,17:00-18:00,8,0,248000.0
Agent11_20270121_M10,Agent11,20,2027-01-21,Thu,M,M10,07:00-16:00,10:00-11:00,8,0,248000.0
Agent11_20270122_E19,Agent11,21,2027-01-22,Fri,E,E19,14:00-23:00,19:00-20:00,8,0,248000.0
Agent11_20270124_N00_B2,Agent11,23,2027-01-24,Sun,N,N00_B2,19:00-06:00,00:00-01:00,10,2,356500.0
Agent11_20270125_E17,Agent11,24,2027-01-25,Mon,E,E17,14:00-23:00,17:00-18:00,8,0,248000.0
Agent11_20270127_M10,Agent11,26,2027-01-27,Wed,M,M10,07:00-16:00,10:00-11:00,8,0,248000.0
Agent11_20270128_M10,Agent11,27,2027-01-28,Thu,M,M10,07:00-16:00,10:00-11:00,8,0,248000.0
Agent11_20270129_N02,Agent11,28,2027-01-29,Fri,N,N02,21:00-06:00,02:00-03:00,8,0,248000.0
Agent11_20270131_E17_B2,Agent11,30,2027-01-31,Sun,E,E17_B2,12:00-23:00,17:00-18:00,10,2,356500.0
Agent12_20270101_M11,Agent12,0,2027-01-01,Fri,M,M11,07:00-16:00,11:00-12:00,8,0,248000.0
Agent12_20270102_M12_B1,Agent12,1,2027-01-02,Sat,M,M12_B1,06:00-16:00,12:00-13:00,9,1,294500.0
Agent12_20270105_E17,Agent12,4,2027-01-05,Tue,E,E17,14:00-23:00,17:00-18:00,8,0,248000.0
Agent12_20270106_N00,Agent12,5,2027-01-06,Wed,N,N00,21:00-06:00,00:00-01:00,8,0,248000.0
Agent12_20270107_E17,Agent12,6,2027-01-07,Thu,E,E17,14:00-23:00,17:00-18:00,8,0,248000.0
Agent12_20270110_M10_B1,Agent12,9,2027-01-10,Sun,M,M10_B1,06:00-16:00,10:00-11:00,9,1,294500.0
Agent12_20270111_E18,Agent12,10,2027-01-11,Mon,E,E18,14:00-23:00,18:00-19:00,8,0,248000.0
Agent12_20270112_M10,Agent12,11,2027-01-12,Tue,M,M10,07:00-16:00,10:00-11:00,8,0,248000.0
Agent12_20270115_E17,Agent12,14,2027-01-15,Fri,E,E17,14:00-23:00,17:00-18:00,8,0,248000.0
Agent12_20270116_N00,Agent12,15,2027-01-16,Sat,N,N00,21:00-06:00,00:00-01:00,8,0,248000.0
Agent12_20270118_M11,Agent12,17,2027-01-18,Mon,M,M11,07:00-16:00,11:00-12:00,8,0,248000.0
Agent12_20270119_N02,Agent12,18,2027-01-19,Tue,N,N02,21:00-06:00,02:00-03:00,8,0,248000.0
Agent12_20270120_N01,Agent12,19,2027-01-20,Wed,N,N01,21:00-06:00,01:00-02:00,8,0,248000.0
Agent12_20270122_E19,Agent12,21,2027-01-22,Fri,E,E19,14:00-23:00,19:00-20:00,8,0,248000.0
Agent12_20270123_M12_A2,Agent12,22,2027-01-23,Sat,M,M12_A2,07:00-18:00,12:00-13:00,10,2,356500.0
Agent12_20270125_N01_A1,Agent12,24,2027-01-25,Mon,N,N01_A1,21:00-07:00,01:00-02:00,9,1,294500.0
Agent12_20270126_N00,Agent12,25,2027-01-26,Tue,N,N00,21:00-06:00,00:00-01:00,8,0,248000.0
Agent12_20270127_E17,Agent12,26,2027-01-27,Wed,E,E17,14:00-23:00,17:00-18:00,8,0,248000.0
Agent12_20270129_M10,Agent12,28,2027-01-29,Fri,M,M10,07:00-16:00,10:00-11:00,8,0,248000.0
Agent12_20270130_E17_B2,Agent12,29,2027-01-30,Sat,E,E17_B2,12:00-23:00,17:00-18:00,10,2,356500.0
Agent13_20270101_M11_B1,Agent13,0,2027-01-01,Fri,M,M11_B1,06:00-16:00,11:00-12:00,9,1,294500.0
Agent13_20270102_N00,Agent13,1,2027-01-02,Sat,N,N00,21:00-06:00,00:00-01:00,8,0,248000.0
Agent13_20270104_M10,Agent13,3,2027-01-04,Mon,M,M10,07:00-16:00,10:00-11:00,8,0,248000.0
Agent13_20270105_E18,Agent13,4,2027-01-05,Tue,E,E18,14:00-23:00,18:00-19:00,8,0,248000.0
Agent13_20270108_E18,Agent13,7,2027-01-08,Fri,E,E18,14:00-23:00,18:00-19:00,8,0,248000.0
Agent13_20270109_N00_B2,Agent13,8,2027-01-09,Sat,N,N00_B2,19:00-06:00,00:00-01:00,10,2,356500.0
Agent13_20270111_M11_B1,Agent13,10,2027-01-11,Mon,M,M11_B1,06:00-16:00,11:00-12:00,9,1,294500.0
Agent13_20270112_E17,Agent13,11,2027-01-12,Tue,E,E17,14:00-23:00,17:00-18:00,8,0,248000.0
Agent13_20270114_E17,Agent13,13,2027-01-14,Thu,E,E17,14:00-23:00,17:00-18:00,8,0,248000.0
Agent13_20270115_M10,Agent13,14,2027-01-15,Fri,M,M10,07:00-16:00,10:00-11:00,8,0,248000.0
Agent13_20270117_M10_B1,Agent13,16,2027-01-17,Sun,M,M10_B1,06:00-16:00,10:00-11:00,9,1,294500.0
Agent13_20270118_E18,Agent13,17,2027-01-18,Mon,E,E18,14:00-23:00,18:00-19:00,8,0,248000.0
Agent13_20270121_E19,Agent13,20,2027-01-21,Thu,E,E19,14:00-23:00,19:00-20:00,8,0,248000.0
Agent13_20270122_N01,Agent13,21,2027-01-22,Fri,N,N01,21:00-06:00,01:00-02:00,8,0,248000.0
Agent13_20270123_N00,Agent13,22,2027-01-23,Sat,N,N00,21:00-06:00,00:00-01:00,8,0,248000.0
Agent13_20270126_N02,Agent13,25,2027-01-26,Tue,N,N02,21:00-06:00,02:00-03:00,8,0,248000.0
Agent13_20270127_N00,Agent13,26,2027-01-27,Wed,N,N00,21:00-06:00,00:00-01:00,8,0,248000.0
Agent13_20270128_E17,Agent13,27,2027-01-28,Thu,E,E17,14:00-23:00,17:00-18:00,8,0,248000.0
Agent13_20270129_M10,Agent13,28,2027-01-29,Fri,M,M10,07:00-16:00,10:00-11:00,8,0,248000.0
Agent13_20270131_M10,Agent13,30,2027-01-31,Sun,M,M10,07:00-16:00,10:00-11:00,8,0,248000.0
Agent14_20270101_M12_B1,Agent14,0,2027-01-01,Fri,M,M12_B1,06:00-16:00,12:00-13:00,9,1,294500.0
Agent14_20270102_M10,Agent14,1,2027-01-02,Sat,M,M10,07:00-16:00,10:00-11:00,8,0,248000.0
Agent14_20270105_E18,Agent14,4,2027-01-05,Tue,E,E18,14:00-23:00,18:00-19:00,8,0,248000.0
Agent14_20270106_N01,Agent14,5,2027-01-06,Wed,N,N01,21:00-06:00,01:00-02:00,8,0,248000.0
Agent14_20270107_E17,Agent14,6,2027-01-07,Thu,E,E17,14:00-23:00,17:00-18:00,8,0,248000.0
Agent14_20270110_M10_B1,Agent14,9,2027-01-10,Sun,M,M10_B1,06:00-16:00,10:00-11:00,9,1,294500.0
Agent14_20270111_E18,Agent14,10,2027-01-11,Mon,E,E18,14:00-23:00,18:00-19:00,8,0,248000.0
Agent14_20270112_M10,Agent14,11,2027-01-12,Tue,M,M10,07:00-16:00,10:00-11:00,8,0,248000.0
Agent14_20270113_E18,Agent14,12,2027-01-13,Wed,E,E18,14:00-23:00,18:00-19:00,8,0,248000.0
Agent14_20270114_M10,Agent14,13,2027-01-14,Thu,M,M10,07:00-16:00,10:00-11:00,8,0,248000.0
Agent14_20270117_E17_B2,Agent14,16,2027-01-17,Sun,E,E17_B2,12:00-23:00,17:00-18:00,10,2,356500.0
Agent14_20270118_M10,Agent14,17,2027-01-18,Mon,M,M10,07:00-16:00,10:00-11:00,8,0,248000.0
Agent14_20270120_E17,Agent14,19,2027-01-20,Wed,E,E17,14:00-23:00,17:00-18:00,8,0,248000.0
Agent14_20270121_N01_A1,Agent14,20,2027-01-21,Thu,N,N01_A1,21:00-07:00,01:00-02:00,9,1,294500.0
Agent14_20270122_N00,Agent14,21,2027-01-22,Fri,N,N00,21:00-06:00,00:00-01:00,8,0,248000.0
Agent14_20270124_M12,Agent14,23,2027-01-24,Sun,M,M12,07:00-16:00,12:00-13:00,8,0,248000.0
Agent14_20270125_N02_A1,Agent14,24,2027-01-25,Mon,N,N02_A1,21:00-07:00,02:00-03:00,9,1,294500.0
Agent14_20270128_E17,Agent14,27,2027-01-28,Thu,E,E17,14:00-23:00,17:00-18:00,8,0,248000.0
Agent14_20270129_N00,Agent14,28,2027-01-29,Fri,N,N00,21:00-06:00,00:00-01:00,8,0,248000.0
Agent14_20270130_N01,Agent14,29,2027-01-30,Sat,N,N01,21:00-06:00,01:00-02:00,8,0,248000.0
Agent15_20270101_M12_B1,Agent15,0,2027-01-01,Fri,M,M12_B1,06:00-16:00,12:00-13:00,9,1,294500.0
Agent15_20270103_N00,Agent15,2,2027-01-03,Sun,N,N00,21:00-06:00,00:00-01:00,8,0,248000.0
Agent15_20270104_E17,Agent15,3,2027-01-04,Mon,E,E17,14:00-23:00,17:00-18:00,8,0,248000.0
Agent15_20270107_M11,Agent15,6,2027-01-07,Thu,M,M11,07:00-16:00,11:00-12:00,8,0,248000.0
Agent15_20270108_E18,Agent15,7,2027-01-08,Fri,E,E18,14:00-23:00,18:00-19:00,8,0,248000.0
Agent15_20270109_M10,Agent15,8,2027-01-09,Sat,M,M10,07:00-16:00,10:00-11:00,8,0,248000.0
Agent15_20270112_E17,Agent15,11,2027-01-12,Tue,E,E17,14:00-23:00,17:00-18:00,8,0,248000.0
Agent15_20270113_N01,Agent15,12,2027-01-13,Wed,N,N01,21:00-06:00,01:00-02:00,8,0,248000.0
Agent15_20270115_M10,Agent15,14,2027-01-15,Fri,M,M10,07:00-16:00,10:00-11:00,8,0,248000.0
Agent15_20270116_E17_B2,Agent15,15,2027-01-16,Sat,E,E17_B2,12:00-23:00,17:00-18:00,10,2,356500.0
Agent15_20270118_M11,Agent15,17,2027-01-18,Mon,M,M11,07:00-16:00,11:00-12:00,8,0,248000.0
Agent15_20270119_E17,Agent15,18,2027-01-19,Tue,E,E17,14:00-23:00,17:00-18:00,8,0,248000.0
Agent15_20270120_N01,Agent15,19,2027-01-20,Wed,N,N01,21:00-06:00,01:00-02:00,8,0,248000.0
Agent15_20270122_N02,Agent15,21,2027-01-22,Fri,N,N02,21:00-06:00,02:00-03:00,8,0,248000.0
Agent15_20270123_N00,Agent15,22,2027-01-23,Sat,N,N00,21:00-06:00,00:00-01:00,8,0,248000.0
Agent15_20270126_M10,Agent15,25,2027-01-26,Tue,M,M10,07:00-16:00,10:00-11:00,8,0,248000.0
Agent15_20270127_E19,Agent15,26,2027-01-27,Wed,E,E19,14:00-23:00,19:00-20:00,8,0,248000.0
Agent15_20270129_M11,Agent15,28,2027-01-29,Fri,M,M11,07:00-16:00,11:00-12:00,8,0,248000.0
Agent15_20270130_E19_A2,Agent15,29,2027-01-30,Sat,E,E19_A2,14:00-01:00,19:00-20:00,10,2,356500.0
Agent16_20270103_M12,Agent16,2,2027-01-03,Sun,M,M12,07:00-16:00,12:00-13:00,8,0,248000.0
Agent16_20270104_M10,Agent16,3,2027-01-04,Mon,M,M10,07:00-16:00,10:00-11:00,8,0,248000.0
Agent16_20270105_E18,Agent16,4,2027-01-05,Tue,E,E18,14:00-23:00,18:00-19:00,8,0,248000.0
Agent16_20270107_N02,Agent16,6,2027-01-07,Thu,N,N02,21:00-06:00,02:00-03:00,8,0,248000.0
Agent16_20270108_E17,Agent16,7,2027-01-08,Fri,E,E17,14:00-23:00,17:00-18:00,8,0,248000.0
Agent16_20270110_M11_A2,Agent16,9,2027-01-10,Sun,M,M11_A2,07:00-18:00,11:00-12:00,10,2,356500.0
Agent16_20270111_E19,Agent16,10,2027-01-11,Mon,E,E19,14:00-23:00,19:00-20:00,8,0,248000.0
Agent16_20270114_E18,Agent16,13,2027-01-14,Thu,E,E18,14:00-23:00,18:00-19:00,8,0,248000.0
Agent16_20270115_M10,Agent16,14,2027-01-15,Fri,M,M10,07:00-16:00,10:00-11:00,8,0,248000.0
Agent16_20270117_M11_A2,Agent16,16,2027-01-17,Sun,M,M11_A2,07:00-18:00,11:00-12:00,10,2,356500.0
Agent16_20270118_E18,Agent16,17,2027-01-18,Mon,E,E18,14:00-23:00,18:00-19:00,8,0,248000.0
Agent16_20270120_E17,Agent16,19,2027-01-20,Wed,E,E17,14:00-23:00,17:00-18:00,8,0,248000.0
Agent16_20270121_N02_A1,Agent16,20,2027-01-21,Thu,N,N02_A1,21:00-07:00,02:00-03:00,9,1,294500.0
Agent16_20270124_M12_B1,Agent16,23,2027-01-24,Sun,M,M12_B1,06:00-16:00,12:00-13:00,9,1,294500.0
Agent16_20270125_M10,Agent16,24,2027-01-25,Mon,M,M10,07:00-16:00,10:00-11:00,8,0,248000.0
Agent16_20270126_E17,Agent16,25,2027-01-26,Tue,E,E17,14:00-23:00,17:00-18:00,8,0,248000.0
Agent16_20270127_N02_A1,Agent16,26,2027-01-27,Wed,N,N02_A1,21:00-07:00,02:00-03:00,9,1,294500.0
Agent16_20270128_N00,Agent16,27,2027-01-28,Thu,N,N00,21:00-06:00,00:00-01:00,8,0,248000.0
Agent16_20270131_N00_B2,Agent16,30,2027-01-31,Sun,N,N00_B2,19:00-06:00,00:00-01:00,10,2,356500.0
Agent17_20270101_E17,Agent17,0,2027-01-01,Fri,E,E17,14:00-23:00,17:00-18:00,8,0,248000.0
Agent17_20270103_M12_A2,Agent17,2,2027-01-03,Sun,M,M12_A2,07:00-18:00,12:00-13:00,10,2,356500.0
Agent17_20270104_M10,Agent17,3,2027-01-04,Mon,M,M10,07:00-16:00,10:00-11:00,8,0,248000.0
Agent17_20270106_E19,Agent17,5,2027-01-06,Wed,E,E19,14:00-23:00,19:00-20:00,8,0,248000.0
Agent17_20270107_N01,Agent17,6,2027-01-07,Thu,N,N01,21:00-06:00,01:00-02:00,8,0,248000.0
Agent17_20270110_M12_A2,Agent17,9,2027-01-10,Sun,M,M12_A2,07:00-18:00,12:00-13:00,10,2,356500.0
Agent17_20270111_E19,Agent17,10,2027-01-11,Mon,E,E19,14:00-23:00,19:00-20:00,8,0,248000.0
Agent17_20270112_M10,Agent17,11,2027-01-12,Tue,M,M10,07:00-16:00,10:00-11:00,8,0,248000.0
Agent17_20270113_E18,Agent17,12,2027-01-13,Wed,E,E18,14:00-23:00,18:00-19:00,8,0,248000.0
Agent17_20270114_M10,Agent17,13,2027-01-14,Thu,M,M10,07:00-16:00,10:00-11:00,8,0,248000.0
Agent17_20270117_E17_B2,Agent17,16,2027-01-17,Sun,E,E17_B2,12:00-23:00,17:00-18:00,10,2,356500.0
Agent17_20270118_M10,Agent17,17,2027-01-18,Mon,M,M10,07:00-16:00,10:00-11:00,8,0,248000.0
Agent17_20270119_E17,Agent17,18,2027-01-19,Tue,E,E17,14:00-23:00,17:00-18:00,8,0,248000.0
Agent17_20270122_M10,Agent17,21,2027-01-22,Fri,M,M10,07:00-16:00,10:00-11:00,8,0,248000.0
Agent17_20270123_E17_B2,Agent17,22,2027-01-23,Sat,E,E17_B2,12:00-23:00,17:00-18:00,10,2,356500.0
Agent17_20270126_M10,Agent17,25,2027-01-26,Tue,M,M10,07:00-16:00,10:00-11:00,8,0,248000.0
Agent17_20270127_E19,Agent17,26,2027-01-27,Wed,E,E19,14:00-23:00,19:00-20:00,8,0,248000.0
Agent17_20270128_M10,Agent17,27,2027-01-28,Thu,M,M10,07:00-16:00,10:00-11:00,8,0,248000.0
Agent17_20270131_N01_B2,Agent17,30,2027-01-31,Sun,N,N01_B2,19:00-06:00,01:00-02:00,10,2,356500.0
Agent18_20270101_E17,Agent18,0,2027-01-01,Fri,E,E17,14:00-23:00,17:00-18:00,8,0,248000.0
Agent18_20270102_M12_A2,Agent18,1,2027-01-02,Sat,M,M12_A2,07:00-18:00,12:00-13:00,10,2,356500.0
Agent18_20270105_M10,Agent18,4,2027-01-05,Tue,M,M10,07:00-16:00,10:00-11:00,8,0,248000.0
Agent18_20270106_E19,Agent18,5,2027-01-06,Wed,E,E19,14:00-23:00,19:00-20:00,8,0,248000.0
Agent18_20270108_M10,Agent18,7,2027-01-08,Fri,M,M10,07:00-16:00,10:00-11:00,8,0,248000.0
Agent18_20270109_E18_B2,Agent18,8,2027-01-09,Sat,E,E18_B2,12:00-23:00,18:00-19:00,10,2,356500.0
Agent18_20270112_M11,Agent18,11,2027-01-12,Tue,M,M11,07:00-16:00,11:00-12:00,8,0,248000.0
Agent18_20270113_E18,Agent18,12,2027-01-13,Wed,E,E18,14:00-23:00,18:00-19:00,8,0,248000.0
Agent18_20270115_M11,Agent18,14,2027-01-15,Fri,M,M11,07:00-16:00,11:00-12:00,8,0,248000.0
Agent18_20270116_E17_A2,Agent18,15,2027-01-16,Sat,E,E17_A2,14:00-01:00,17:00-18:00,10,2,356500.0
Agent18_20270118_M11,Agent18,17,2027-01-18,Mon,M,M11,07:00-16:00,11:00-12:00,8,0,248000.0
Agent18_20270119_E17,Agent18,18,2027-01-19,Tue,E,E17,14:00-23:00,17:00-18:00,8,0,248000.0
Agent18_20270120_N02,Agent18,19,2027-01-20,Wed,N,N02,21:00-06:00,02:00-03:00,8,0,248000.0
Agent18_20270122_M10,Agent18,21,2027-01-22,Fri,M,M10,07:00-16:00,10:00-11:00,8,0,248000.0
Agent18_20270123_E17_B2,Agent18,22,2027-01-23,Sat,E,E17_B2,12:00-23:00,17:00-18:00,10,2,356500.0
Agent18_20270125_M11,Agent18,24,2027-01-25,Mon,M,M11,07:00-16:00,11:00-12:00,8,0,248000.0
Agent18_20270126_E17,Agent18,25,2027-01-26,Tue,E,E17,14:00-23:00,17:00-18:00,8,0,248000.0
Agent18_20270129_M11,Agent18,28,2027-01-29,Fri,M,M11,07:00-16:00,11:00-12:00,8,0,248000.0
Agent18_20270130_M10_B1,Agent18,29,2027-01-30,Sat,M,M10_B1,06:00-16:00,10:00-11:00,9,1,294500.0
Agent19_20270103_M12_A2,Agent19,2,2027-01-03,Sun,M,M12_A2,07:00-18:00,12:00-13:00,10,2,356500.0
Agent19_20270104_E18,Agent19,3,2027-01-04,Mon,E,E18,14:00-23:00,18:00-19:00,8,0,248000.0
Agent19_20270105_N02,Agent19,4,2027-01-05,Tue,N,N02,21:00-06:00,02:00-03:00,8,0,248000.0
Agent19_20270106_E17,Agent19,5,2027-01-06,Wed,E,E17,14:00-23:00,17:00-18:00,8,0,248000.0
Agent19_20270107_M10,Agent19,6,2027-01-07,Thu,M,M10,07:00-16:00,10:00-11:00,8,0,248000.0
Agent19_20270110_M12_A2,Agent19,9,2027-01-10,Sun,M,M12_A2,07:00-18:00,12:00-13:00,10,2,356500.0
Agent19_20270111_E19,Agent19,10,2027-01-11,Mon,E,E19,14:00-23:00,19:00-20:00,8,0,248000.0
Agent19_20270113_E19,Agent19,12,2027-01-13,Wed,E,E19,14:00-23:00,19:00-20:00,8,0,248000.0
Agent19_20270114_M10,Agent19,13,2027-01-14,Thu,M,M10,07:00-16:00,10:00-11:00,8,0,248000.0
Agent19_20270117_M12_A2,Agent19,16,2027-01-17,Sun,M,M12_A2,07:00-18:00,12:00-13:00,10,2,356500.0
Agent19_20270118_E18,Agent19,17,2027-01-18,Mon,E,E18,14:00-23:00,18:00-19:00,8,0,248000.0
Agent19_20270119_M10,Agent19,18,2027-01-19,Tue,M,M10,07:00-16:00,10:00-11:00,8,0,248000.0
Agent19_20270121_E19,Agent19,20,2027-01-21,Thu,E,E19,14:00-23:00,19:00-20:00,8,0,248000.0
Agent19_20270122_M10,Agent19,21,2027-01-22,Fri,M,M10,07:00-16:00,10:00-11:00,8,0,248000.0
Agent19_20270124_E17_B2,Agent19,23,2027-01-24,Sun,E,E17_B2,12:00-23:00,17:00-18:00,10,2,356500.0
Agent19_20270125_M10,Agent19,24,2027-01-25,Mon,M,M10,07:00-16:00,10:00-11:00,8,0,248000.0
Agent19_20270127_E19,Agent19,26,2027-01-27,Wed,E,E19,14:00-23:00,19:00-20:00,8,0,248000.0
Agent19_20270128_M10,Agent19,27,2027-01-28,Thu,M,M10,07:00-16:00,10:00-11:00,8,0,248000.0
Agent19_20270131_N02_B2,Agent19,30,2027-01-31,Sun,N,N02_B2,19:00-06:00,02:00-03:00,10,2,356500.0
Agent20_20270101_E17,Agent20,0,2027-01-01,Fri,E,E17,14:00-23:00,17:00-18:00,8,0,248000.0
Agent20_20270102_M12_A2,Agent20,1,2027-01-02,Sat,M,M12_A2,07:00-18:00,12:00-13:00,10,2,356500.0
Agent20_20270104_M11,Agent20,3,2027-01-04,Mon,M,M11,07:00-16:00,11:00-12:00,8,0,248000.0
Agent20_20270105_E19,Agent20,4,2027-01-05,Tue,E,E19,14:00-23:00,19:00-20:00,8,0,248000.0
Agent20_20270108_M11,Agent20,7,2027-01-08,Fri,M,M11,07:00-16:00,11:00-12:00,8,0,248000.0
Agent20_20270109_E19_B2,Agent20,8,2027-01-09,Sat,E,E19_B2,12:00-23:00,19:00-20:00,10,2,356500.0
Agent20_20270112_M11,Agent20,11,2027-01-12,Tue,M,M11,07:00-16:00,11:00-12:00,8,0,248000.0
Agent20_20270113_E19,Agent20,12,2027-01-13,Wed,E,E19,14:00-23:00,19:00-20:00,8,0,248000.0
Agent20_20270114_M10,Agent20,13,2027-01-14,Thu,M,M10,07:00-16:00,10:00-11:00,8,0,248000.0
Agent20_20270117_E17_B2,Agent20,16,2027-01-17,Sun,E,E17_B2,12:00-23:00,17:00-18:00,10,2,356500.0
Agent20_20270118_M10,Agent20,17,2027-01-18,Mon,M,M10,07:00-16:00,10:00-11:00,8,0,248000.0
Agent20_20270119_E18,Agent20,18,2027-01-19,Tue,E,E18,14:00-23:00,18:00-19:00,8,0,248000.0
Agent20_20270120_N02,Agent20,19,2027-01-20,Wed,N,N02,21:00-06:00,02:00-03:00,8,0,248000.0
Agent20_20270121_N00,Agent20,20,2027-01-21,Thu,N,N00,21:00-06:00,00:00-01:00,8,0,248000.0
Agent20_20270124_M12_B1,Agent20,23,2027-01-24,Sun,M,M12_B1,06:00-16:00,12:00-13:00,9,1,294500.0
Agent20_20270125_E18,Agent20,24,2027-01-25,Mon,E,E18,14:00-23:00,18:00-19:00,8,0,248000.0
Agent20_20270126_M10,Agent20,25,2027-01-26,Tue,M,M10,07:00-16:00,10:00-11:00,8,0,248000.0
Agent20_20270129_E17,Agent20,28,2027-01-29,Fri,E,E17,14:00-23:00,17:00-18:00,8,0,248000.0
Agent20_20270130_M12_A2,Agent20,29,2027-01-30,Sat,M,M12_A2,07:00-18:00,12:00-13:00,10,2,356500.0
Agent21_20270101_E17,Agent21,0,2027-01-01,Fri,E,E17,14:00-23:00,17:00-18:00,8,0,248000.0
Agent21_20270102_M12_A2,Agent21,1,2027-01-02,Sat,M,M12_A2,07:00-18:00,12:00-13:00,10,2,356500.0
Agent21_20270104_M11,Agent21,3,2027-01-04,Mon,M,M11,07:00-16:00,11:00-12:00,8,0,248000.0
Agent21_20270105_E19,Agent21,4,2027-01-05,Tue,E,E19,14:00-23:00,19:00-20:00,8,0,248000.0
Agent21_20270106_N02,Agent21,5,2027-01-06,Wed,N,N02,21:00-06:00,02:00-03:00,8,0,248000.0
Agent21_20270108_M11,Agent21,7,2027-01-08,Fri,M,M11,07:00-16:00,11:00-12:00,8,0,248000.0
Agent21_20270109_E19_B2,Agent21,8,2027-01-09,Sat,E,E19_B2,12:00-23:00,19:00-20:00,10,2,356500.0
Agent21_20270112_M11,Agent21,11,2027-01-12,Tue,M,M11,07:00-16:00,11:00-12:00,8,0,248000.0
Agent21_20270113_E19,Agent21,12,2027-01-13,Wed,E,E19,14:00-23:00,19:00-20:00,8,0,248000.0
Agent21_20270115_M11,Agent21,14,2027-01-15,Fri,M,M11,07:00-16:00,11:00-12:00,8,0,248000.0
Agent21_20270116_E17_A2,Agent21,15,2027-01-16,Sat,E,E17_A2,14:00-01:00,17:00-18:00,10,2,356500.0
Agent21_20270119_M10,Agent21,18,2027-01-19,Tue,M,M10,07:00-16:00,10:00-11:00,8,0,248000.0
Agent21_20270120_E18,Agent21,19,2027-01-20,Wed,E,E18,14:00-23:00,18:00-19:00,8,0,248000.0
Agent21_20270121_N02_A1,Agent21,20,2027-01-21,Thu,N,N02_A1,21:00-07:00,02:00-03:00,9,1,294500.0
Agent21_20270124_M12_B1,Agent21,23,2027-01-24,Sun,M,M12_B1,06:00-16:00,12:00-13:00,9,1,294500.0
Agent21_20270125_E18,Agent21,24,2027-01-25,Mon,E,E18,14:00-23:00,18:00-19:00,8,0,248000.0
Agent21_20270127_M10,Agent21,26,2027-01-27,Wed,M,M10,07:00-16:00,10:00-11:00,8,0,248000.0
Agent21_20270128_E18,Agent21,27,2027-01-28,Thu,E,E18,14:00-23:00,18:00-19:00,8,0,248000.0
Agent21_20270131_M11,Agent21,30,2027-01-31,Sun,M,M11,07:00-16:00,11:00-12:00,8,0,248000.0
Agent22_20270101_E18,Agent22,0,2027-01-01,Fri,E,E18,14:00-23:00,18:00-19:00,8,0,248000.0
Agent22_20270102_E17_B2,Agent22,1,2027-01-02,Sat,E,E17_B2,12:00-23:00,17:00-18:00,10,2,356500.0
Agent22_20270105_M10,Agent22,4,2027-01-05,Tue,M,M10,07:00-16:00,10:00-11:00,8,0,248000.0
Agent22_20270106_M10,Agent22,5,2027-01-06,Wed,M,M10,07:00-16:00,10:00-11:00,8,0,248000.0
Agent22_20270107_E19,Agent22,6,2027-01-07,Thu,E,E19,14:00-23:00,19:00-20:00,8,0,248000.0
Agent22_20270110_M12_A2,Agent22,9,2027-01-10,Sun,M,M12_A2,07:00-18:00,12:00-13:00,10,2,356500.0
Agent22_20270111_M10,Agent22,10,2027-01-11,Mon,M,M10,07:00-16:00,10:00-11:00,8,0,248000.0
Agent22_20270113_M11_B1,Agent22,12,2027-01-13,Wed,M,M11_B1,06:00-16:00,11:00-12:00,9,1,294500.0
Agent22_20270114_N00,Agent22,13,2027-01-14,Thu,N,N00,21:00-06:00,00:00-01:00,8,0,248000.0
Agent22_20270117_E17_B2,Agent22,16,2027-01-17,Sun,E,E17_B2,12:00-23:00,17:00-18:00,10,2,356500.0
Agent22_20270118_E19,Agent22,17,2027-01-18,Mon,E,E19,14:00-23:00,19:00-20:00,8,0,248000.0
Agent22_20270120_E18,Agent22,19,2027-01-20,Wed,E,E18,14:00-23:00,18:00-19:00,8,0,248000.0
Agent22_20270121_M10,Agent22,20,2027-01-21,Thu,M,M10,07:00-16:00,10:00-11:00,8,0,248000.0
Agent22_20270124_E17_B2,Agent22,23,2027-01-24,Sun,E,E17_B2,12:00-23:00,17:00-18:00,10,2,356500.0
Agent22_20270125_M10,Agent22,24,2027-01-25,Mon,M,M10,07:00-16:00,10:00-11:00,8,0,248000.0
Agent22_20270127_M10,Agent22,26,2027-01-27,Wed,M,M10,07:00-16:00,10:00-11:00,8,0,248000.0
Agent22_20270128_E18,Agent22,27,2027-01-28,Thu,E,E18,14:00-23:00,18:00-19:00,8,0,248000.0
Agent22_20270129_N00,Agent22,28,2027-01-29,Fri,N,N00,21:00-06:00,00:00-01:00,8,0,248000.0
Agent22_20270131_M12_B1,Agent22,30,2027-01-31,Sun,M,M12_B1,06:00-16:00,12:00-13:00,9,1,294500.0
Agent23_20270103_M12_A2,Agent23,2,2027-01-03,Sun,M,M12_A2,07:00-18:00,12:00-13:00,10,2,356500.0
Agent23_20270104_E18,Agent23,3,2027-01-04,Mon,E,E18,14:00-23:00,18:00-19:00,8,0,248000.0
Agent23_20270105_N02,Agent23,4,2027-01-05,Tue,N,N02,21:00-06:00,02:00-03:00,8,0,248000.0
Agent23_20270106_E17,Agent23,5,2027-01-06,Wed,E,E17,14:00-23:00,17:00-18:00,8,0,248000.0
Agent23_20270107_M10,Agent23,6,2027-01-07,Thu,M,M10,07:00-16:00,10:00-11:00,8,0,248000.0
Agent23_20270110_M12_A2,Agent23,9,2027-01-10,Sun,M,M12_A2,07:00-18:00,12:00-13:00,10,2,356500.0
Agent23_20270111_E19,Agent23,10,2027-01-11,Mon,E,E19,14:00-23:00,19:00-20:00,8,0,248000.0
Agent23_20270112_M11,Agent23,11,2027-01-12,Tue,M,M11,07:00-16:00,11:00-12:00,8,0,248000.0
Agent23_20270115_E17,Agent23,14,2027-01-15,Fri,E,E17,14:00-23:00,17:00-18:00,8,0,248000.0
Agent23_20270116_N00,Agent23,15,2027-01-16,Sat,N,N00,21:00-06:00,00:00-01:00,8,0,248000.0
Agent23_20270119_M10,Agent23,18,2027-01-19,Tue,M,M10,07:00-16:00,10:00-11:00,8,0,248000.0
Agent23_20270120_E18,Agent23,19,2027-01-20,Wed,E,E18,14:00-23:00,18:00-19:00,8,0,248000.0
Agent23_20270122_M10,Agent23,21,2027-01-22,Fri,M,M10,07:00-16:00,10:00-11:00,8,0,248000.0
Agent23_20270123_E17_B2,Agent23,22,2027-01-23,Sat,E,E17_B2,12:00-23:00,17:00-18:00,10,2,356500.0
Agent23_20270125_M11,Agent23,24,2027-01-25,Mon,M,M11,07:00-16:00,11:00-12:00,8,0,248000.0
Agent23_20270126_E18,Agent23,25,2027-01-26,Tue,E,E18,14:00-23:00,18:00-19:00,8,0,248000.0
Agent23_20270128_M11,Agent23,27,2027-01-28,Thu,M,M11,07:00-16:00,11:00-12:00,8,0,248000.0
Agent23_20270129_E18,Agent23,28,2027-01-29,Fri,E,E18,14:00-23:00,18:00-19:00,8,0,248000.0
Agent23_20270130_M12_A2,Agent23,29,2027-01-30,Sat,M,M12_A2,07:00-18:00,12:00-13:00,10,2,356500.0
Agent24_20270103_E17_B2,Agent24,2,2027-01-03,Sun,E,E17_B2,12:00-23:00,17:00-18:00,10,2,356500.0
Agent24_20270104_M10,Agent24,3,2027-01-04,Mon,M,M10,07:00-16:00,10:00-11:00,8,0,248000.0
Agent24_20270106_M11,Agent24,5,2027-01-06,Wed,M,M11,07:00-16:00,11:00-12:00,8,0,248000.0
Agent24_20270107_E19,Agent24,6,2027-01-07,Thu,E,E19,14:00-23:00,19:00-20:00,8,0,248000.0
Agent24_20270110_E17_B2,Agent24,9,2027-01-10,Sun,E,E17_B2,12:00-23:00,17:00-18:00,10,2,356500.0
Agent24_20270111_M10,Agent24,10,2027-01-11,Mon,M,M10,07:00-16:00,10:00-11:00,8,0,248000.0
Agent24_20270114_E18,Agent24,13,2027-01-14,Thu,E,E18,14:00-23:00,18:00-19:00,8,0,248000.0
Agent24_20270115_M11,Agent24,14,2027-01-15,Fri,M,M11,07:00-16:00,11:00-12:00,8,0,248000.0
Agent24_20270116_M10_B1,Agent24,15,2027-01-16,Sat,M,M10_B1,06:00-16:00,10:00-11:00,9,1,294500.0
Agent24_20270119_E18,Agent24,18,2027-01-19,Tue,E,E18,14:00-23:00,18:00-19:00,8,0,248000.0
Agent24_20270120_M10,Agent24,19,2027-01-20,Wed,M,M10,07:00-16:00,10:00-11:00,8,0,248000.0
Agent24_20270121_E19,Agent24,20,2027-01-21,Thu,E,E19,14:00-23:00,19:00-20:00,8,0,248000.0
Agent24_20270122_M10,Agent24,21,2027-01-22,Fri,M,M10,07:00-16:00,10:00-11:00,8,0,248000.0
Agent24_20270123_E17_B2,Agent24,22,2027-01-23,Sat,E,E17_B2,12:00-23:00,17:00-18:00,10,2,356500.0
Agent24_20270126_M11,Agent24,25,2027-01-26,Tue,M,M11,07:00-16:00,11:00-12:00,8,0,248000.0
Agent24_20270127_E19,Agent24,26,2027-01-27,Wed,E,E19,14:00-23:00,19:00-20:00,8,0,248000.0
Agent24_20270128_M11,Agent24,27,2027-01-28,Thu,M,M11,07:00-16:00,11:00-12:00,8,0,248000.0
Agent24_20270129_E18,Agent24,28,2027-01-29,Fri,E,E18,14:00-23:00,18:00-19:00,8,0,248000.0
Agent24_20270130_M12_A2,Agent24,29,2027-01-30,Sat,M,M12_A2,07:00-18:00,12:00-13:00,10,2,356500.0
Agent25_20270103_E17_B2,Agent25,2,2027-01-03,Sun,E,E17_B2,12:00-23:00,17:00-18:00,10,2,356500.0
Agent25_20270104_M10,Agent25,3,2027-01-04,Mon,M,M10,07:00-16:00,10:00-11:00,8,0,248000.0
Agent25_20270105_M11,Agent25,4,2027-01-05,Tue,M,M11,07:00-16:00,11:00-12:00,8,0,248000.0
Agent25_20270108_E19,Agent25,7,2027-01-08,Fri,E,E19,14:00-23:00,19:00-20:00,8,0,248000.0
Agent25_20270109_M11,Agent25,8,2027-01-09,Sat,M,M11,07:00-16:00,11:00-12:00,8,0,248000.0
Agent25_20270111_N01_A1,Agent25,10,2027-01-11,Mon,N,N01_A1,21:00-07:00,01:00-02:00,9,1,294500.0
Agent25_20270112_N00,Agent25,11,2027-01-12,Tue,N,N00,21:00-06:00,00:00-01:00,8,0,248000.0
Agent25_20270113_E17,Agent25,12,2027-01-13,Wed,E,E17,14:00-23:00,17:00-18:00,8,0,248000.0
Agent25_20270115_M11,Agent25,14,2027-01-15,Fri,M,M11,07:00-16:00,11:00-12:00,8,0,248000.0
Agent25_20270116_E19_A2,Agent25,15,2027-01-16,Sat,E,E19_A2,14:00-01:00,19:00-20:00,10,2,356500.0
Agent25_20270119_M11,Agent25,18,2027-01-19,Tue,M,M11,07:00-16:00,11:00-12:00,8,0,248000.0
Agent25_20270120_E19,Agent25,19,2027-01-20,Wed,E,E19,14:00-23:00,19:00-20:00,8,0,248000.0
Agent25_20270121_M10,Agent25,20,2027-01-21,Thu,M,M10,07:00-16:00,10:00-11:00,8,0,248000.0
Agent25_20270124_E18_B2,Agent25,23,2027-01-24,Sun,E,E18_B2,12:00-23:00,18:00-19:00,10,2,356500.0
Agent25_20270125_M10,Agent25,24,2027-01-25,Mon,M,M10,07:00-16:00,10:00-11:00,8,0,248000.0
Agent25_20270126_E18,Agent25,25,2027-01-26,Tue,E,E18,14:00-23:00,18:00-19:00,8,0,248000.0
Agent25_20270127_M10,Agent25,26,2027-01-27,Wed,M,M10,07:00-16:00,10:00-11:00,8,0,248000.0
Agent25_20270128_E19,Agent25,27,2027-01-28,Thu,E,E19,14:00-23:00,19:00-20:00,8,0,248000.0
Agent25_20270131_M12_B1,Agent25,30,2027-01-31,Sun,M,M12_B1,06:00-16:00,12:00-13:00,9,1,294500.0
Agent26_20270101_E18,Agent26,0,2027-01-01,Fri,E,E18,14:00-23:00,18:00-19:00,8,0,248000.0
Agent26_20270102_E17_B2,Agent26,1,2027-01-02,Sat,E,E17_B2,12:00-23:00,17:00-18:00,10,2,356500.0
Agent26_20270105_M11,Agent26,4,2027-01-05,Tue,M,M11,07:00-16:00,11:00-12:00,8,0,248000.0
Agent26_20270106_M11,Agent26,5,2027-01-06,Wed,M,M11,07:00-16:00,11:00-12:00,8,0,248000.0
Agent26_20270108_M11,Agent26,7,2027-01-08,Fri,M,M11,07:00-16:00,11:00-12:00,8,0,248000.0
Agent26_20270109_E19_A2,Agent26,8,2027-01-09,Sat,E,E19_A2,14:00-01:00,19:00-20:00,10,2,356500.0
Agent26_20270111_N01_A1,Agent26,10,2027-01-11,Mon,N,N01_A1,21:00-07:00,01:00-02:00,9,1,294500.0
Agent26_20270112_N00,Agent26,11,2027-01-12,Tue,N,N00,21:00-06:00,00:00-01:00,8,0,248000.0
Agent26_20270113_N00,Agent26,12,2027-01-13,Wed,N,N00,21:00-06:00,00:00-01:00,8,0,248000.0
Agent26_20270115_M12,Agent26,14,2027-01-15,Fri,M,M12,07:00-16:00,12:00-13:00,8,0,248000.0
Agent26_20270116_M10_B1,Agent26,15,2027-01-16,Sat,M,M10_B1,06:00-16:00,10:00-11:00,9,1,294500.0
Agent26_20270118_E19,Agent26,17,2027-01-18,Mon,E,E19,14:00-23:00,19:00-20:00,8,0,248000.0
Agent26_20270119_E18,Agent26,18,2027-01-19,Tue,E,E18,14:00-23:00,18:00-19:00,8,0,248000.0
Agent26_20270122_M10,Agent26,21,2027-01-22,Fri,M,M10,07:00-16:00,10:00-11:00,8,0,248000.0
Agent26_20270123_E19_A2,Agent26,22,2027-01-23,Sat,E,E19_A2,14:00-01:00,19:00-20:00,10,2,356500.0
Agent26_20270125_M11_B1,Agent26,24,2027-01-25,Mon,M,M11_B1,06:00-16:00,11:00-12:00,9,1,294500.0
Agent26_20270126_E18,Agent26,25,2027-01-26,Tue,E,E18,14:00-23:00,18:00-19:00,8,0,248000.0
Agent26_20270129_M11,Agent26,28,2027-01-29,Fri,M,M11,07:00-16:00,11:00-12:00,8,0,248000.0
Agent26_20270130_M10_B1,Agent26,29,2027-01-30,Sat,M,M10_B1,06:00-16:00,10:00-11:00,9,1,294500.0
Agent27_20270101_E19,Agent27,0,2027-01-01,Fri,E,E19,14:00-23:00,19:00-20:00,8,0,248000.0
Agent27_20270102_E17_B2,Agent27,1,2027-01-02,Sat,E,E17_B2,12:00-23:00,17:00-18:00,10,2,356500.0
Agent27_20270105_M11_B1,Agent27,4,2027-01-05,Tue,M,M11_B1,06:00-16:00,11:00-12:00,9,1,294500.0
Agent27_20270106_N02,Agent27,5,2027-01-06,Wed,N,N02,21:00-06:00,02:00-03:00,8,0,248000.0
Agent27_20270107_N00,Agent27,6,2027-01-07,Thu,N,N00,21:00-06:00,00:00-01:00,8,0,248000.0
Agent27_20270108_E17,Agent27,7,2027-01-08,Fri,E,E17,14:00-23:00,17:00-18:00,8,0,248000.0
Agent27_20270109_M12,Agent27,8,2027-01-09,Sat,M,M12,07:00-16:00,12:00-13:00,8,0,248000.0
Agent27_20270112_M12,Agent27,11,2027-01-12,Tue,M,M12,07:00-16:00,12:00-13:00,8,0,248000.0
Agent27_20270113_M12_B1,Agent27,12,2027-01-13,Wed,M,M12_B1,06:00-16:00,12:00-13:00,9,1,294500.0
Agent27_20270114_N00,Agent27,13,2027-01-14,Thu,N,N00,21:00-06:00,00:00-01:00,8,0,248000.0
Agent27_20270117_E17_B2,Agent27,16,2027-01-17,Sun,E,E17_B2,12:00-23:00,17:00-18:00,10,2,356500.0
Agent27_20270118_M10,Agent27,17,2027-01-18,Mon,M,M10,07:00-16:00,10:00-11:00,8,0,248000.0
Agent27_20270121_E19,Agent27,20,2027-01-21,Thu,E,E19,14:00-23:00,19:00-20:00,8,0,248000.0
Agent27_20270122_M11,Agent27,21,2027-01-22,Fri,M,M11,07:00-16:00,11:00-12:00,8,0,248000.0
Agent27_20270123_M10_B1,Agent27,22,2027-01-23,Sat,M,M10_B1,06:00-16:00,10:00-11:00,9,1,294500.0
Agent27_20270126_E19,Agent27,25,2027-01-26,Tue,E,E19,14:00-23:00,19:00-20:00,8,0,248000.0
Agent27_20270127_E17,Agent27,26,2027-01-27,Wed,E,E17,14:00-23:00,17:00-18:00,8,0,248000.0
Agent27_20270129_E18,Agent27,28,2027-01-29,Fri,E,E18,14:00-23:00,18:00-19:00,8,0,248000.0
Agent27_20270130_M12_A2,Agent27,29,2027-01-30,Sat,M,M12_A2,07:00-18:00,12:00-13:00,10,2,356500.0
Agent28_20270101_E19,Agent28,0,2027-01-01,Fri,E,E19,14:00-23:00,19:00-20:00,8,0,248000.0
Agent28_20270102_E17_B2,Agent28,1,2027-01-02,Sat,E,E17_B2,12:00-23:00,17:00-18:00,10,2,356500.0
Agent28_20270104_M11_B1,Agent28,3,2027-01-04,Mon,M,M11_B1,06:00-16:00,11:00-12:00,9,1,294500.0
Agent28_20270105_M10,Agent28,4,2027-01-05,Tue,M,M10,07:00-16:00,10:00-11:00,8,0,248000.0
Agent28_20270108_E19,Agent28,7,2027-01-08,Fri,E,E19,14:00-23:00,19:00-20:00,8,0,248000.0
Agent28_20270109_E17_B2,Agent28,8,2027-01-09,Sat,E,E17_B2,12:00-23:00,17:00-18:00,10,2,356500.0
Agent28_20270112_M12,Agent28,11,2027-01-12,Tue,M,M12,07:00-16:00,12:00-13:00,8,0,248000.0
Agent28_20270113_M12_B1,Agent28,12,2027-01-13,Wed,M,M12_B1,06:00-16:00,12:00-13:00,9,1,294500.0
Agent28_20270114_M10,Agent28,13,2027-01-14,Thu,M,M10,07:00-16:00,10:00-11:00,8,0,248000.0
Agent28_20270117_E19_A2,Agent28,16,2027-01-17,Sun,E,E19_A2,14:00-01:00,19:00-20:00,10,2,356500.0
Agent28_20270118_E17,Agent28,17,2027-01-18,Mon,E,E17,14:00-23:00,17:00-18:00,8,0,248000.0
Agent28_20270119_M11,Agent28,18,2027-01-19,Tue,M,M11,07:00-16:00,11:00-12:00,8,0,248000.0
Agent28_20270120_E19,Agent28,19,2027-01-20,Wed,E,E19,14:00-23:00,19:00-20:00,8,0,248000.0
Agent28_20270121_M10,Agent28,20,2027-01-21,Thu,M,M10,07:00-16:00,10:00-11:00,8,0,248000.0
Agent28_20270124_E19_B2,Agent28,23,2027-01-24,Sun,E,E19_B2,12:00-23:00,19:00-20:00,10,2,356500.0
Agent28_20270125_M10,Agent28,24,2027-01-25,Mon,M,M10,07:00-16:00,10:00-11:00,8,0,248000.0
Agent28_20270127_M11,Agent28,26,2027-01-27,Wed,M,M11,07:00-16:00,11:00-12:00,8,0,248000.0
Agent28_20270128_E19,Agent28,27,2027-01-28,Thu,E,E19,14:00-23:00,19:00-20:00,8,0,248000.0
Agent28_20270131_M12_B1,Agent28,30,2027-01-31,Sun,M,M12_B1,06:00-16:00,12:00-13:00,9,1,294500.0
Agent29_20270101_E19,Agent29,0,2027-01-01,Fri,E,E19,14:00-23:00,19:00-20:00,8,0,248000.0
Agent29_20270103_N00,Agent29,2,2027-01-03,Sun,N,N00,21:00-06:00,00:00-01:00,8,0,248000.0
Agent29_20270104_E17,Agent29,3,2027-01-04,Mon,E,E17,14:00-23:00,17:00-18:00,8,0,248000.0
Agent29_20270106_M11_B1,Agent29,5,2027-01-06,Wed,M,M11_B1,06:00-16:00,11:00-12:00,9,1,294500.0
Agent29_20270107_M10,Agent29,6,2027-01-07,Thu,M,M10,07:00-16:00,10:00-11:00,8,0,248000.0
Agent29_20270110_E17_B2,Agent29,9,2027-01-10,Sun,E,E17_B2,12:00-23:00,17:00-18:00,10,2,356500.0
Agent29_20270111_M10,Agent29,10,2027-01-11,Mon,M,M10,07:00-16:00,10:00-11:00,8,0,248000.0
Agent29_20270114_E19,Agent29,13,2027-01-14,Thu,E,E19,14:00-23:00,19:00-20:00,8,0,248000.0
Agent29_20270115_M12,Agent29,14,2027-01-15,Fri,M,M12,07:00-16:00,12:00-13:00,8,0,248000.0
Agent29_20270116_M12_A2,Agent29,15,2027-01-16,Sat,M,M12_A2,07:00-18:00,12:00-13:00,10,2,356500.0
Agent29_20270119_E19,Agent29,18,2027-01-19,Tue,E,E19,14:00-23:00,19:00-20:00,8,0,248000.0
Agent29_20270120_M10,Agent29,19,2027-01-20,Wed,M,M10,07:00-16:00,10:00-11:00,8,0,248000.0
Agent29_20270121_M11_B1,Agent29,20,2027-01-21,Thu,M,M11_B1,06:00-16:00,11:00-12:00,9,1,294500.0
Agent29_20270124_E19_B2,Agent29,23,2027-01-24,Sun,E,E19_B2,12:00-23:00,19:00-20:00,10,2,356500.0
Agent29_20270125_E19,Agent29,24,2027-01-25,Mon,E,E19,14:00-23:00,19:00-20:00,8,0,248000.0
Agent29_20270126_M11,Agent29,25,2027-01-26,Tue,M,M11,07:00-16:00,11:00-12:00,8,0,248000.0
Agent29_20270128_E19,Agent29,27,2027-01-28,Thu,E,E19,14:00-23:00,19:00-20:00,8,0,248000.0
Agent29_20270129_N01,Agent29,28,2027-01-29,Fri,N,N01,21:00-06:00,01:00-02:00,8,0,248000.0
Agent29_20270131_M12_A2,Agent29,30,2027-01-31,Sun,M,M12_A2,07:00-18:00,12:00-13:00,10,2,356500.0
Agent30_20270101_E19,Agent30,0,2027-01-01,Fri,E,E19,14:00-23:00,19:00-20:00,8,0,248000.0
Agent30_20270102_E17_B2,Agent30,1,2027-01-02,Sat,E,E17_B2,12:00-23:00,17:00-18:00,10,2,356500.0
Agent30_20270104_M12_B1,Agent30,3,2027-01-04,Mon,M,M12_B1,06:00-16:00,12:00-13:00,9,1,294500.0
Agent30_20270105_M10,Agent30,4,2027-01-05,Tue,M,M10,07:00-16:00,10:00-11:00,8,0,248000.0
Agent30_20270106_E19,Agent30,5,2027-01-06,Wed,E,E19,14:00-23:00,19:00-20:00,8,0,248000.0
Agent30_20270108_M11_B1,Agent30,7,2027-01-08,Fri,M,M11_B1,06:00-16:00,11:00-12:00,9,1,294500.0
Agent30_20270109_M10,Agent30,8,2027-01-09,Sat,M,M10,07:00-16:00,10:00-11:00,8,0,248000.0
Agent30_20270112_E18,Agent30,11,2027-01-12,Tue,E,E18,14:00-23:00,18:00-19:00,8,0,248000.0
Agent30_20270113_N01,Agent30,12,2027-01-13,Wed,N,N01,21:00-06:00,01:00-02:00,8,0,248000.0
Agent30_20270115_E18,Agent30,14,2027-01-15,Fri,E,E18,14:00-23:00,18:00-19:00,8,0,248000.0
Agent30_20270116_M10,Agent30,15,2027-01-16,Sat,M,M10,07:00-16:00,10:00-11:00,8,0,248000.0
Agent30_20270119_M11,Agent30,18,2027-01-19,Tue,M,M11,07:00-16:00,11:00-12:00,8,0,248000.0
Agent30_20270120_E19,Agent30,19,2027-01-20,Wed,E,E19,14:00-23:00,19:00-20:00,8,0,248000.0
Agent30_20270122_M11,Agent30,21,2027-01-22,Fri,M,M11,07:00-16:00,11:00-12:00,8,0,248000.0
Agent30_20270123_M10_B1,Agent30,22,2027-01-23,Sat,M,M10_B1,06:00-16:00,10:00-11:00,9,1,294500.0
Agent30_20270126_E19,Agent30,25,2027-01-26,Tue,E,E19,14:00-23:00,19:00-20:00,8,0,248000.0
Agent30_20270127_E17,Agent30,26,2027-01-27,Wed,E,E17,14:00-23:00,17:00-18:00,8,0,248000.0
Agent30_20270128_M11,Agent30,27,2027-01-28,Thu,M,M11,07:00-16:00,11:00-12:00,8,0,248000.0
Agent30_20270131_E19_B2,Agent30,30,2027-01-31,Sun,E,E19_B2,12:00-23:00,19:00-20:00,10,2,356500.0
Agent31_20270103_E18_A2,Agent31,2,2027-01-03,Sun,E,E18_A2,14:00-01:00,18:00-19:00,10,2,356500.0
Agent31_20270104_N00,Agent31,3,2027-01-04,Mon,N,N00,21:00-06:00,00:00-01:00,8,0,248000.0
Agent31_20270107_M11_B1,Agent31,6,2027-01-07,Thu,M,M11_B1,06:00-16:00,11:00-12:00,9,1,294500.0
Agent31_20270108_M10,Agent31,7,2027-01-08,Fri,M,M10,07:00-16:00,10:00-11:00,8,0,248000.0
Agent31_20270109_E19_A2,Agent31,8,2027-01-09,Sat,E,E19_A2,14:00-01:00,19:00-20:00,10,2,356500.0
Agent31_20270111_N02_A1,Agent31,10,2027-01-11,Mon,N,N02_A1,21:00-07:00,02:00-03:00,9,1,294500.0
Agent31_20270112_N01,Agent31,11,2027-01-12,Tue,N,N01,21:00-06:00,01:00-02:00,8,0,248000.0
Agent31_20270114_E19,Agent31,13,2027-01-14,Thu,E,E19,14:00-23:00,19:00-20:00,8,0,248000.0
Agent31_20270115_E18,Agent31,14,2027-01-15,Fri,E,E18,14:00-23:00,18:00-19:00,8,0,248000.0
Agent31_20270116_M11_A2,Agent31,15,2027-01-16,Sat,M,M11_A2,07:00-18:00,11:00-12:00,10,2,356500.0
Agent31_20270118_M12,Agent31,17,2027-01-18,Mon,M,M12,07:00-16:00,12:00-13:00,8,0,248000.0
Agent31_20270119_M11,Agent31,18,2027-01-19,Tue,M,M11,07:00-16:00,11:00-12:00,8,0,248000.0
Agent31_20270121_M11_B1,Agent31,20,2027-01-21,Thu,M,M11_B1,06:00-16:00,11:00-12:00,9,1,294500.0
Agent31_20270122_E19,Agent31,21,2027-01-22,Fri,E,E19,14:00-23:00,19:00-20:00,8,0,248000.0
Agent31_20270123_E17_B2,Agent31,22,2027-01-23,Sat,E,E17_B2,12:00-23:00,17:00-18:00,10,2,356500.0
Agent31_20270126_M11,Agent31,25,2027-01-26,Tue,M,M11,07:00-16:00,11:00-12:00,8,0,248000.0
Agent31_20270127_M11,Agent31,26,2027-01-27,Wed,M,M11,07:00-16:00,11:00-12:00,8,0,248000.0
Agent31_20270129_E19,Agent31,28,2027-01-29,Fri,E,E19,14:00-23:00,19:00-20:00,8,0,248000.0
Agent31_20270130_E17_B2,Agent31,29,2027-01-30,Sat,E,E17_B2,12:00-23:00,17:00-18:00,10,2,356500.0
Agent32_20270101_N00,Agent32,0,2027-01-01,Fri,N,N00,21:00-06:00,00:00-01:00,8,0,248000.0
Agent32_20270102_E19_A2,Agent32,1,2027-01-02,Sat,E,E19_A2,14:00-01:00,19:00-20:00,10,2,356500.0
Agent32_20270105_M12_B1,Agent32,4,2027-01-05,Tue,M,M12_B1,06:00-16:00,12:00-13:00,9,1,294500.0
Agent32_20270106_M10,Agent32,5,2027-01-06,Wed,M,M10,07:00-16:00,10:00-11:00,8,0,248000.0
Agent32_20270107_E19,Agent32,6,2027-01-07,Thu,E,E19,14:00-23:00,19:00-20:00,8,0,248000.0
Agent32_20270110_E17_B2,Agent32,9,2027-01-10,Sun,E,E17_B2,12:00-23:00,17:00-18:00,10,2,356500.0
Agent32_20270111_M10,Agent32,10,2027-01-11,Mon,M,M10,07:00-16:00,10:00-11:00,8,0,248000.0
Agent32_20270112_E18,Agent32,11,2027-01-12,Tue,E,E18,14:00-23:00,18:00-19:00,8,0,248000.0
Agent32_20270113_N02,Agent32,12,2027-01-13,Wed,N,N02,21:00-06:00,02:00-03:00,8,0,248000.0
Agent32_20270114_N01_A1,Agent32,13,2027-01-14,Thu,N,N01_A1,21:00-07:00,01:00-02:00,9,1,294500.0
Agent32_20270117_M12_A2,Agent32,16,2027-01-17,Sun,M,M12_A2,07:00-18:00,12:00-13:00,10,2,356500.0
Agent32_20270118_M10,Agent32,17,2027-01-18,Mon,M,M10,07:00-16:00,10:00-11:00,8,0,248000.0
Agent32_20270120_M11_B1,Agent32,19,2027-01-20,Wed,M,M11_B1,06:00-16:00,11:00-12:00,9,1,294500.0
Agent32_20270121_N01,Agent32,20,2027-01-21,Thu,N,N01,21:00-06:00,01:00-02:00,8,0,248000.0
Agent32_20270124_E19_A2,Agent32,23,2027-01-24,Sun,E,E19_A2,14:00-01:00,19:00-20:00,10,2,356500.0
Agent32_20270125_N00,Agent32,24,2027-01-25,Mon,N,N00,21:00-06:00,00:00-01:00,8,0,248000.0
Agent32_20270127_M11_B1,Agent32,26,2027-01-27,Wed,M,M11_B1,06:00-16:00,11:00-12:00,9,1,294500.0
Agent32_20270128_E19,Agent32,27,2027-01-28,Thu,E,E19,14:00-23:00,19:00-20:00,8,0,248000.0
Agent32_20270131_E19_B2,Agent32,30,2027-01-31,Sun,E,E19_B2,12:00-23:00,19:00-20:00,10,2,356500.0
Agent33_20270101_N00,Agent33,0,2027-01-01,Fri,N,N00,21:00-06:00,00:00-01:00,8,0,248000.0
Agent33_20270103_E19_A2,Agent33,2,2027-01-03,Sun,E,E19_A2,14:00-01:00,19:00-20:00,10,2,356500.0
Agent33_20270104_E17,Agent33,3,2027-01-04,Mon,E,E17,14:00-23:00,17:00-18:00,8,0,248000.0
Agent33_20270107_M12_B1,Agent33,6,2027-01-07,Thu,M,M12_B1,06:00-16:00,12:00-13:00,9,1,294500.0
Agent33_20270108_M10,Agent33,7,2027-01-08,Fri,M,M10,07:00-16:00,10:00-11:00,8,0,248000.0
Agent33_20270109_M12_B1,Agent33,8,2027-01-09,Sat,M,M12_B1,06:00-16:00,12:00-13:00,9,1,294500.0
Agent33_20270112_E18,Agent33,11,2027-01-12,Tue,E,E18,14:00-23:00,18:00-19:00,8,0,248000.0
Agent33_20270113_M10,Agent33,12,2027-01-13,Wed,M,M10,07:00-16:00,10:00-11:00,8,0,248000.0
Agent33_20270115_E18,Agent33,14,2027-01-15,Fri,E,E18,14:00-23:00,18:00-19:00,8,0,248000.0
Agent33_20270116_M11_A2,Agent33,15,2027-01-16,Sat,M,M11_A2,07:00-18:00,11:00-12:00,10,2,356500.0
Agent33_20270119_E19,Agent33,18,2027-01-19,Tue,E,E19,14:00-23:00,19:00-20:00,8,0,248000.0
Agent33_20270120_M10,Agent33,19,2027-01-20,Wed,M,M10,07:00-16:00,10:00-11:00,8,0,248000.0
Agent33_20270121_M12_B1,Agent33,20,2027-01-21,Thu,M,M12_B1,06:00-16:00,12:00-13:00,9,1,294500.0
Agent33_20270124_E19_A2,Agent33,23,2027-01-24,Sun,E,E19_A2,14:00-01:00,19:00-20:00,10,2,356500.0
Agent33_20270125_N00,Agent33,24,2027-01-25,Mon,N,N00,21:00-06:00,00:00-01:00,8,0,248000.0
Agent33_20270126_N00,Agent33,25,2027-01-26,Tue,N,N00,21:00-06:00,00:00-01:00,8,0,248000.0
Agent33_20270128_M11,Agent33,27,2027-01-28,Thu,M,M11,07:00-16:00,11:00-12:00,8,0,248000.0
Agent33_20270129_E19,Agent33,28,2027-01-29,Fri,E,E19,14:00-23:00,19:00-20:00,8,0,248000.0
Agent33_20270131_E19_B2,Agent33,30,2027-01-31,Sun,E,E19_B2,12:00-23:00,19:00-20:00,10,2,356500.0
Agent34_20270103_E19_A2,Agent34,2,2027-01-03,Sun,E,E19_A2,14:00-01:00,19:00-20:00,10,2,356500.0
Agent34_20270104_N00,Agent34,3,2027-01-04,Mon,N,N00,21:00-06:00,00:00-01:00,8,0,248000.0
Agent34_20270106_M11_B1,Agent34,5,2027-01-06,Wed,M,M11_B1,06:00-16:00,11:00-12:00,9,1,294500.0
Agent34_20270107_M10,Agent34,6,2027-01-07,Thu,M,M10,07:00-16:00,10:00-11:00,8,0,248000.0
Agent34_20270108_E19,Agent34,7,2027-01-08,Fri,E,E19,14:00-23:00,19:00-20:00,8,0,248000.0
Agent34_20270110_E17_B2,Agent34,9,2027-01-10,Sun,E,E17_B2,12:00-23:00,17:00-18:00,10,2,356500.0
Agent34_20270111_M10,Agent34,10,2027-01-11,Mon,M,M10,07:00-16:00,10:00-11:00,8,0,248000.0
Agent34_20270114_E19,Agent34,13,2027-01-14,Thu,E,E19,14:00-23:00,19:00-20:00,8,0,248000.0
Agent34_20270115_E19,Agent34,14,2027-01-15,Fri,E,E19,14:00-23:00,19:00-20:00,8,0,248000.0
Agent34_20270116_M12_A2,Agent34,15,2027-01-16,Sat,M,M12_A2,07:00-18:00,12:00-13:00,10,2,356500.0
Agent34_20270119_M12,Agent34,18,2027-01-19,Tue,M,M12,07:00-16:00,12:00-13:00,8,0,248000.0
Agent34_20270120_M12_B1,Agent34,19,2027-01-20,Wed,M,M12_B1,06:00-16:00,12:00-13:00,9,1,294500.0
Agent34_20270121_E17,Agent34,20,2027-01-21,Thu,E,E17,14:00-23:00,17:00-18:00,8,0,248000.0
Agent34_20270122_M11,Agent34,21,2027-01-22,Fri,M,M11,07:00-16:00,11:00-12:00,8,0,248000.0
Agent34_20270123_M10_B1,Agent34,22,2027-01-23,Sat,M,M10_B1,06:00-16:00,10:00-11:00,9,1,294500.0
Agent34_20270126_E19,Agent34,25,2027-01-26,Tue,E,E19,14:00-23:00,19:00-20:00,8,0,248000.0
Agent34_20270127_E18,Agent34,26,2027-01-27,Wed,E,E18,14:00-23:00,18:00-19:00,8,0,248000.0
Agent34_20270129_E19,Agent34,28,2027-01-29,Fri,E,E19,14:00-23:00,19:00-20:00,8,0,248000.0
Agent34_20270130_E17_B2,Agent34,29,2027-01-30,Sat,E,E17_B2,12:00-23:00,17:00-18:00,10,2,356500.0
Agent35_20270101_N01,Agent35,0,2027-01-01,Fri,N,N01,21:00-06:00,01:00-02:00,8,0,248000.0
Agent35_20270102_N00_A1,Agent35,1,2027-01-02,Sat,N,N00_A1,21:00-07:00,00:00-01:00,9,1,294500.0
Agent35_20270105_E19,Agent35,4,2027-01-05,Tue,E,E19,14:00-23:00,19:00-20:00,8,0,248000.0
Agent35_20270106_M10,Agent35,5,2027-01-06,Wed,M,M10,07:00-16:00,10:00-11:00,8,0,248000.0
Agent35_20270107_E19,Agent35,6,2027-01-07,Thu,E,E19,14:00-23:00,19:00-20:00,8,0,248000.0
Agent35_20270108_M10,Agent35,7,2027-01-08,Fri,M,M10,07:00-16:00,10:00-11:00,8,0,248000.0
Agent35_20270109_M12_B1,Agent35,8,2027-01-09,Sat,M,M12_B1,06:00-16:00,12:00-13:00,9,1,294500.0
Agent35_20270112_E19,Agent35,11,2027-01-12,Tue,E,E19,14:00-23:00,19:00-20:00,8,0,248000.0
Agent35_20270113_M10,Agent35,12,2027-01-13,Wed,M,M10,07:00-16:00,10:00-11:00,8,0,248000.0
Agent35_20270115_E19,Agent35,14,2027-01-15,Fri,E,E19,14:00-23:00,19:00-20:00,8,0,248000.0
Agent35_20270116_M12_A2,Agent35,15,2027-01-16,Sat,M,M12_A2,07:00-18:00,12:00-13:00,10,2,356500.0
Agent35_20270119_E19,Agent35,18,2027-01-19,Tue,E,E19,14:00-23:00,19:00-20:00,8,0,248000.0
Agent35_20270120_M10,Agent35,19,2027-01-20,Wed,M,M10,07:00-16:00,10:00-11:00,8,0,248000.0
Agent35_20270122_E19,Agent35,21,2027-01-22,Fri,E,E19,14:00-23:00,19:00-20:00,8,0,248000.0
Agent35_20270123_M12_A2,Agent35,22,2027-01-23,Sat,M,M12_A2,07:00-18:00,12:00-13:00,10,2,356500.0
Agent35_20270126_M11,Agent35,25,2027-01-26,Tue,M,M11,07:00-16:00,11:00-12:00,8,0,248000.0
Agent35_20270127_M12_B1,Agent35,26,2027-01-27,Wed,M,M12_B1,06:00-16:00,12:00-13:00,9,1,294500.0
Agent35_20270128_M12,Agent35,27,2027-01-28,Thu,M,M12,07:00-16:00,12:00-13:00,8,0,248000.0
Agent35_20270131_E19_B2,Agent35,30,2027-01-31,Sun,E,E19_B2,12:00-23:00,19:00-20:00,10,2,356500.0
Agent36_20270101_N02,Agent36,0,2027-01-01,Fri,N,N02,21:00-06:00,02:00-03:00,8,0,248000.0
Agent36_20270102_N01_A1,Agent36,1,2027-01-02,Sat,N,N01_A1,21:00-07:00,01:00-02:00,9,1,294500.0
Agent36_20270105_M12_B1,Agent36,4,2027-01-05,Tue,M,M12_B1,06:00-16:00,12:00-13:00,9,1,294500.0
Agent36_20270106_E18,Agent36,5,2027-01-06,Wed,E,E18,14:00-23:00,18:00-19:00,8,0,248000.0
Agent36_20270108_M12_B1,Agent36,7,2027-01-08,Fri,M,M12_B1,06:00-16:00,12:00-13:00,9,1,294500.0
Agent36_20270109_M10,Agent36,8,2027-01-09,Sat,M,M10,07:00-16:00,10:00-11:00,8,0,248000.0
Agent36_20270111_M12_B1,Agent36,10,2027-01-11,Mon,M,M12_B1,06:00-16:00,12:00-13:00,9,1,294500.0
Agent36_20270112_E19,Agent36,11,2027-01-12,Tue,E,E19,14:00-23:00,19:00-20:00,8,0,248000.0
Agent36_20270114_E19,Agent36,13,2027-01-14,Thu,E,E19,14:00-23:00,19:00-20:00,8,0,248000.0
Agent36_20270115_E19,Agent36,14,2027-01-15,Fri,E,E19,14:00-23:00,19:00-20:00,8,0,248000.0
Agent36_20270117_M12_A2,Agent36,16,2027-01-17,Sun,M,M12_A2,07:00-18:00,12:00-13:00,10,2,356500.0
Agent36_20270118_E19,Agent36,17,2027-01-18,Mon,E,E19,14:00-23:00,19:00-20:00,8,0,248000.0
Agent36_20270119_M12,Agent36,18,2027-01-19,Tue,M,M12,07:00-16:00,12:00-13:00,8,0,248000.0
Agent36_20270122_M11,Agent36,21,2027-01-22,Fri,M,M11,07:00-16:00,11:00-12:00,8,0,248000.0
Agent36_20270123_M12_A2,Agent36,22,2027-01-23,Sat,M,M12_A2,07:00-18:00,12:00-13:00,10,2,356500.0
Agent36_20270125_M12_B1,Agent36,24,2027-01-25,Mon,M,M12_B1,06:00-16:00,12:00-13:00,9,1,294500.0
Agent36_20270126_M12,Agent36,25,2027-01-26,Tue,M,M12,07:00-16:00,12:00-13:00,8,0,248000.0
Agent36_20270129_M11_B1,Agent36,28,2027-01-29,Fri,M,M11_B1,06:00-16:00,11:00-12:00,9,1,294500.0
Agent36_20270130_N00,Agent36,29,2027-01-30,Sat,N,N00,21:00-06:00,00:00-01:00,8,0,248000.0
Agent37_20270101_N02,Agent37,0,2027-01-01,Fri,N,N02,21:00-06:00,02:00-03:00,8,0,248000.0
Agent37_20270102_N02_A1,Agent37,1,2027-01-02,Sat,N,N02_A1,21:00-07:00,02:00-03:00,9,1,294500.0
Agent37_20270104_M12_B1,Agent37,3,2027-01-04,Mon,M,M12_B1,06:00-16:00,12:00-13:00,9,1,294500.0
Agent37_20270105_E17,Agent37,4,2027-01-05,Tue,E,E17,14:00-23:00,17:00-18:00,8,0,248000.0
Agent37_20270107_M12_B1,Agent37,6,2027-01-07,Thu,M,M12_B1,06:00-16:00,12:00-13:00,9,1,294500.0
Agent37_20270108_E17,Agent37,7,2027-01-08,Fri,E,E17,14:00-23:00,17:00-18:00,8,0,248000.0
Agent37_20270109_E17_B2,Agent37,8,2027-01-09,Sat,E,E17_B2,12:00-23:00,17:00-18:00,10,2,356500.0
Agent37_20270112_E19,Agent37,11,2027-01-12,Tue,E,E19,14:00-23:00,19:00-20:00,8,0,248000.0
Agent37_20270113_M10,Agent37,12,2027-01-13,Wed,M,M10,07:00-16:00,10:00-11:00,8,0,248000.0
Agent37_20270114_M11_B1,Agent37,13,2027-01-14,Thu,M,M11_B1,06:00-16:00,11:00-12:00,9,1,294500.0
Agent37_20270117_M12_A2,Agent37,16,2027-01-17,Sun,M,M12_A2,07:00-18:00,12:00-13:00,10,2,356500.0
Agent37_20270118_E19,Agent37,17,2027-01-18,Mon,E,E19,14:00-23:00,19:00-20:00,8,0,248000.0
Agent37_20270120_M12_B1,Agent37,19,2027-01-20,Wed,M,M12_B1,06:00-16:00,12:00-13:00,9,1,294500.0
Agent37_20270121_E17,Agent37,20,2027-01-21,Thu,E,E17,14:00-23:00,17:00-18:00,8,0,248000.0
Agent37_20270124_E19_A2,Agent37,23,2027-01-24,Sun,E,E19_A2,14:00-01:00,19:00-20:00,10,2,356500.0
Agent37_20270125_E18,Agent37,24,2027-01-25,Mon,E,E18,14:00-23:00,18:00-19:00,8,0,248000.0
Agent37_20270128_M12,Agent37,27,2027-01-28,Thu,M,M12,07:00-16:00,12:00-13:00,8,0,248000.0
Agent37_20270129_M12_B1,Agent37,28,2027-01-29,Fri,M,M12_B1,06:00-16:00,12:00-13:00,9,1,294500.0
Agent37_20270131_E19_A2,Agent37,30,2027-01-31,Sun,E,E19_A2,14:00-01:00,19:00-20:00,10,2,356500.0
Agent38_20270103_N00,Agent38,2,2027-01-03,Sun,N,N00,21:00-06:00,00:00-01:00,8,0,248000.0
Agent38_20270104_E18,Agent38,3,2027-01-04,Mon,E,E18,14:00-23:00,18:00-19:00,8,0,248000.0
Agent38_20270106_M12_B1,Agent38,5,2027-01-06,Wed,M,M12_B1,06:00-16:00,12:00-13:00,9,1,294500.0
Agent38_20270107_M11,Agent38,6,2027-01-07,Thu,M,M11,07:00-16:00,11:00-12:00,8,0,248000.0
Agent38_20270108_M12_B1,Agent38,7,2027-01-08,Fri,M,M12_B1,06:00-16:00,12:00-13:00,9,1,294500.0
Agent38_20270110_E19_A2,Agent38,9,2027-01-10,Sun,E,E19_A2,14:00-01:00,19:00-20:00,10,2,356500.0
Agent38_20270111_N00,Agent38,10,2027-01-11,Mon,N,N00,21:00-06:00,00:00-01:00,8,0,248000.0
Agent38_20270114_M12_B1,Agent38,13,2027-01-14,Thu,M,M12_B1,06:00-16:00,12:00-13:00,9,1,294500.0
Agent38_20270115_E19,Agent38,14,2027-01-15,Fri,E,E19,14:00-23:00,19:00-20:00,8,0,248000.0
Agent38_20270116_E17_B2,Agent38,15,2027-01-16,Sat,E,E17_B2,12:00-23:00,17:00-18:00,10,2,356500.0
Agent38_20270119_E19,Agent38,18,2027-01-19,Tue,E,E19,14:00-23:00,19:00-20:00,8,0,248000.0
Agent38_20270120_M10,Agent38,19,2027-01-20,Wed,M,M10,07:00-16:00,10:00-11:00,8,0,248000.0
Agent38_20270122_M12,Agent38,21,2027-01-22,Fri,M,M12,07:00-16:00,12:00-13:00,8,0,248000.0
Agent38_20270123_M12_A2,Agent38,22,2027-01-23,Sat,M,M12_A2,07:00-18:00,12:00-13:00,10,2,356500.0
Agent38_20270125_M12_B1,Agent38,24,2027-01-25,Mon,M,M12_B1,06:00-16:00,12:00-13:00,9,1,294500.0
Agent38_20270126_M12,Agent38,25,2027-01-26,Tue,M,M12,07:00-16:00,12:00-13:00,8,0,248000.0
Agent38_20270127_M12_B1,Agent38,26,2027-01-27,Wed,M,M12_B1,06:00-16:00,12:00-13:00,9,1,294500.0
Agent38_20270129_M12_B1,Agent38,28,2027-01-29,Fri,M,M12_B1,06:00-16:00,12:00-13:00,9,1,294500.0
Agent38_20270130_N00,Agent38,29,2027-01-30,Sat,N,N00,21:00-06:00,00:00-01:00,8,0,248000.0
